student_name,roll_no,attendance,marks,income,gender,class,parent_occupation,location,dropout_risk
Student_1,JP00001,62.47240713084175,34.81063430708957,Low,Male,5th,Small Business,City,1
Student_2,JP00002,97.04285838459496,63.35207579026865,Low,Male,7th,Labor,Rural,0
Student_3,JP00003,83.9196365086843,89.83566687011266,High,Male,7th,Farmer,Urban,0
Student_4,JP00004,75.91950905182219,78.57799091276489,Low,Female,8th,Farmer,Urban,0
Student_5,JP00005,49.36111842654619,84.52489182891598,Low,Male,9th,Farmer,Rural,1
Student_6,JP00006,49.35967122017216,72.70266933685738,Medium,Female,6th,Labor,Rural,1
Student_7,JP00007,43.48501673009197,75.38212516142819,Low,Female,5th,Labor,Rural,1
Student_8,JP00008,91.97056874649611,87.93565212522554,Medium,Male,5th,Small Business,Rural,0
Student_9,JP00009,76.06690070459253,39.97344070873488,Low,Male,9th,Farmer,City,1
Student_10,JP00010,82.48435466776273,59.15399709145124,Low,Female,10th,Farmer,Rural,0
Student_11,JP00011,41.23506965774815,37.69675534556818,Low,Female,10th,Daily Wage,Urban,1
Student_12,JP00012,98.19459112971965,99.01344063973175,Low,Male,8th,Farmer,City,0
Student_13,JP00013,89.9465584480253,95.52474717492906,High,Male,8th,Labor,Rural,0
Student_14,JP00014,52.74034664069657,23.154144909480472,Low,Male,9th,Labor,Urban,1
Student_15,JP00015,50.909498032426036,76.44601380125508,Low,Female,8th,Labor,Rural,1
Student_16,JP00016,51.00427059120603,94.01986539325327,Low,Female,5th,Farmer,Urban,1
Student_17,JP00017,58.254534577572265,34.44602761018668,Low,Female,5th,Farmer,Rural,1
Student_18,JP00018,71.48538589793426,65.43561844421036,Medium,Female,6th,Farmer,City,0
Student_19,JP00019,65.91670111852694,93.23906380704335,Low,Female,10th,Labor,Rural,1
Student_20,JP00020,57.47374841188252,22.715678286863906,Medium,Male,9th,Labor,Rural,1
Student_21,JP00021,76.71117368334276,75.7936213797472,High,Male,7th,Farmer,Urban,0
Student_22,JP00022,48.36963163912251,43.78792058980406,Low,Female,10th,Labor,Rural,1
Student_23,JP00023,57.52867891211309,93.95169563012243,High,Female,7th,Small Business,Rural,1
Student_24,JP00024,61.9817105976215,97.68465961322943,Low,Male,6th,Farmer,Rural,1
Student_25,JP00025,67.36419905302216,95.54131912907471,Low,Male,6th,Labor,Urban,1
Student_26,JP00026,87.11055768358082,57.9371373325971,Low,Male,8th,Labor,Rural,0
Student_27,JP00027,51.98042692950158,88.96341207914507,Medium,Male,6th,Farmer,Rural,1
Student_28,JP00028,70.8540663048167,87.56395188280563,High,Female,6th,Farmer,Rural,0
Student_29,JP00029,75.54487413172255,45.528037859460454,Low,Male,7th,Labor,Rural,0
Student_30,JP00030,42.78702476319987,86.3132379320542,Medium,Female,8th,Government Job,Rural,1
Student_31,JP00031,76.4526911140863,22.96061077723941,Low,Male,6th,Small Business,Rural,1
Student_32,JP00032,50.23144742123749,67.70159027856424,Low,Male,10th,Labor,Rural,1
Student_33,JP00033,43.90309557911677,38.40070698301624,Low,Male,6th,Small Business,Rural,1
Student_34,JP00034,96.93313223519999,29.645350862182305,High,Female,8th,Farmer,Rural,1
Student_35,JP00035,97.93792198447356,26.156256130336732,Medium,Female,9th,Labor,Urban,1
Student_36,JP00036,88.50384088698767,75.70310207025118,Low,Male,8th,Labor,Rural,0
Student_37,JP00037,58.27682615040224,47.18999710144529,Low,Female,7th,Farmer,Rural,1
Student_38,JP00038,45.86032684038303,77.98134172230091,Low,Female,9th,Small Business,Rural,1
Student_39,JP00039,81.0539815907294,25.22850726391539,Low,Male,10th,Labor,Rural,1
Student_40,JP00040,66.40914962437608,45.223227026448825,Low,Male,5th,Farmer,Urban,1
Student_41,JP00041,47.32229409068673,63.15930339002698,Medium,Female,8th,Daily Wage,Rural,1
Student_42,JP00042,69.71061460667622,83.25785318711708,Low,Female,7th,Farmer,Rural,1
Student_43,JP00043,42.063311266913104,45.5002002345656,Low,Female,10th,Farmer,Rural,1
Student_44,JP00044,94.55922412472692,70.07131011496072,Low,Male,9th,Farmer,Rural,0
Student_45,JP00045,55.52679889600101,90.87821985889497,Medium,Male,10th,Small Business,Rural,1
Student_46,JP00046,79.75133706123891,69.26905505458437,Medium,Female,8th,Small Business,Rural,0
Student_47,JP00047,58.70266456536466,38.6367579802907,Low,Male,6th,Farmer,Rural,1
Student_48,JP00048,71.20408127066865,21.952062524523043,Medium,Male,8th,Labor,City,1
Student_49,JP00049,72.80261676059678,89.60790991207439,Low,Female,5th,Farmer,Rural,0
Student_50,JP00050,51.091267331531625,21.701552868030973,Low,Female,8th,Small Business,Rural,1
Student_51,JP00051,98.17507766587352,89.97613381473596,Low,Male,9th,Labor,City,0
Student_52,JP00052,86.50796940166687,62.31497072217696,Low,Male,9th,Labor,Urban,0
Student_53,JP00053,96.36993649385134,95.1254158810317,Low,Female,8th,Daily Wage,Rural,0
Student_54,JP00054,93.68964102565893,83.90265886189323,High,Male,9th,Farmer,Urban,0
Student_55,JP00055,75.87399872866511,99.834728842667,Medium,Male,6th,Farmer,Urban,0
Student_56,JP00056,95.312454101387,48.05694523613681,Medium,Female,10th,Labor,Rural,0
Student_57,JP00057,45.30955012311517,81.37506311449015,Low,Female,8th,Daily Wage,Rural,1
Student_58,JP00058,51.75897174514871,52.15447308873937,Low,Male,6th,Farmer,Rural,1
Student_59,JP00059,42.71363733463228,58.39004962431271,Medium,Male,10th,Farmer,City,1
Student_60,JP00060,59.51981984579586,70.2004370574696,Low,Male,10th,Farmer,Rural,1
Student_61,JP00061,63.32063738136892,89.8941691349071,Low,Female,6th,Labor,Rural,1
Student_62,JP00062,56.28094190643375,98.72667753594361,Low,Male,7th,Farmer,Urban,1
Student_63,JP00063,89.72425054911577,81.46187310916146,Medium,Male,8th,Labor,Rural,0
Student_64,JP00064,61.40519960161536,53.4213425733867,Low,Female,10th,Daily Wage,Rural,1
Student_65,JP00065,56.85607058124285,53.70856018216561,Low,Female,10th,Labor,Rural,1
Student_66,JP00066,72.5617649894949,79.00658412711132,Medium,Male,9th,Farmer,Rural,0
Student_67,JP00067,48.45545349848576,39.10217166146418,Low,Female,10th,Labor,Urban,1
Student_68,JP00068,88.13181884524238,28.837929050511573,Low,Female,6th,Farmer,Rural,1
Student_69,JP00069,44.47303862078625,48.36977261126212,Low,Male,10th,Government Job,Urban,1
Student_70,JP00070,99.21321619603104,42.97911933232654,Low,Female,7th,Labor,Rural,0
Student_71,JP00071,86.33468615779944,43.7046496364792,Medium,Female,8th,Farmer,Rural,0
Student_72,JP00072,51.92294089205034,38.688620083992795,Low,Male,8th,Labor,City,1
Student_73,JP00073,40.331327027416144,23.36745517090895,Low,Female,10th,Labor,Rural,1
Student_74,JP00074,88.92768570729005,21.429914778673105,Medium,Male,5th,Labor,Rural,1
Student_75,JP00075,82.41144063085703,99.01779117888252,Medium,Male,5th,Farmer,Rural,0
Student_76,JP00076,83.74043008245924,54.22185069886899,Medium,Female,6th,Small Business,Urban,0
Student_77,JP00077,86.27622080115674,50.74613177277453,Low,Female,5th,Daily Wage,Rural,0
Student_78,JP00078,44.442679104045425,74.37178261544558,Low,Female,6th,Labor,Rural,1
Student_79,JP00079,61.507943712656356,37.46031102920513,High,Male,9th,Daily Wage,Rural,1
Student_80,JP00080,46.95214357150778,95.99689471601803,Medium,Female,6th,Farmer,Rural,1
Student_81,JP00081,91.7862055525356,82.90760115324416,Low,Male,5th,Labor,Urban,0
Student_82,JP00082,77.39788760965348,27.15288018498076,Low,Female,10th,Labor,Rural,1
Student_83,JP00083,59.85388149115895,53.40646206279427,Low,Female,9th,Labor,Rural,1
Student_84,JP00084,43.81350101716142,90.32946460497317,High,Female,5th,Labor,Rural,1
Student_85,JP00085,58.65893930293973,95.57856178331282,Low,Male,6th,Farmer,Rural,1
Student_86,JP00086,59.51099932160482,57.39212089998958,Low,Female,7th,Farmer,City,1
Student_87,JP00087,83.77637070028385,69.07291113685662,Low,Female,8th,Farmer,Rural,0
Student_88,JP00088,78.25344828131279,33.36271568736602,Medium,Male,5th,Farmer,City,1
Student_89,JP00089,93.23276455457959,99.29349009095813,Medium,Male,6th,Small Business,Rural,0
Student_90,JP00090,68.33289550971696,38.53373611067547,Low,Female,9th,Farmer,Rural,1
Student_91,JP00091,47.1756547562981,95.41854193081005,Medium,Female,5th,Farmer,Urban,1
Student_92,JP00092,82.7946872333797,71.97173191938947,High,Female,5th,Labor,Rural,0
Student_93,JP00093,85.64710291701385,68.61894359030873,Low,Male,8th,Labor,Urban,0
Student_94,JP00094,73.67663185416977,61.015080881320685,Low,Male,6th,Government Job,City,0
Student_95,JP00095,86.25803079727366,38.45358493742069,Low,Male,7th,Labor,Rural,1
Student_96,JP00096,69.62773578186345,34.12224256044066,Medium,Male,9th,Farmer,Rural,1
Student_97,JP00097,71.36396976291964,37.63889672561403,Low,Female,6th,Small Business,Urban,1
Student_98,JP00098,65.65246110151298,34.91506097154036,Medium,Male,9th,Labor,Rural,1
Student_99,JP00099,41.52514760464571,82.36675788534026,Medium,Male,5th,Farmer,Rural,1
Student_100,JP00100,46.473485619598264,48.01002073333841,Low,Male,8th,Labor,Rural,1
Student_101,JP00101,41.885751141204054,24.62741412507171,High,Female,8th,Daily Wage,Rural,1
Student_102,JP00102,78.18462467582683,97.52821041126491,Low,Female,10th,Farmer,Urban,0
Student_103,JP00103,58.8613588645796,90.70287079707406,Low,Male,7th,Farmer,Rural,1
Student_104,JP00104,70.51424146988217,94.22018265561704,Medium,Male,8th,Farmer,Rural,0
Student_105,JP00105,94.45398843556558,99.59262581171483,Medium,Female,5th,Farmer,Rural,0
Student_106,JP00106,54.9575337489325,33.91161993755898,Low,Female,7th,Labor,Rural,1
Student_107,JP00107,64.62297538213778,51.699361512212704,Medium,Female,6th,Labor,Rural,0
Student_108,JP00108,85.33306831258292,80.6590780563273,High,Female,8th,Farmer,Urban,0
Student_109,JP00109,53.72788992949735,75.68164944430337,Low,Female,7th,Daily Wage,Rural,1
Student_110,JP00110,44.61879458972758,32.311672507188405,High,Female,5th,Small Business,Urban,1
Student_111,JP00111,57.38508717482608,85.26664999924942,Low,Female,10th,Labor,Urban,1
Student_112,JP00112,49.67327723524026,37.95524574693285,Low,Female,9th,Small Business,Rural,1
Student_113,JP00113,95.78185914055439,37.905409185809845,Low,Male,9th,Farmer,Rural,1
Student_114,JP00114,88.48722277386501,62.957953831473084,Medium,Male,5th,Labor,Rural,0
Student_115,JP00115,78.00422539062541,67.43519478733626,Medium,Male,5th,Labor,Rural,0
Student_116,JP00116,92.28763541126307,66.40689662702489,Low,Male,9th,Small Business,Urban,0
Student_117,JP00117,88.22032461394687,27.31894699182039,Low,Male,10th,Small Business,Urban,1
Student_118,JP00118,51.19420353316215,90.19686901043043,Medium,Male,7th,Farmer,Rural,1
Student_119,JP00119,93.55353990939867,41.24800340709648,Low,Female,9th,Daily Wage,Rural,0
Student_120,JP00120,72.36053451493905,30.361193702624334,Medium,Female,5th,Farmer,City,1
Student_121,JP00121,88.44640930984376,91.09984638951818,Medium,Male,8th,Government Job,City,0
Student_122,JP00122,93.7654779954096,96.45211985838027,Low,Male,6th,Daily Wage,Rural,0
Student_123,JP00123,59.08020849831183,88.97020938123605,High,Female,10th,Farmer,Rural,1
Student_124,JP00124,46.60311547166061,84.76128597799024,Low,Female,10th,Small Business,Rural,1
Student_125,JP00125,53.6761097525165,72.41935845112174,High,Female,8th,Farmer,City,1
Student_126,JP00126,65.62646731757538,64.06858964873115,Medium,Male,8th,Labor,Rural,0
Student_127,JP00127,89.08088595534959,26.958940792912813,Medium,Female,5th,Labor,Rural,1
Student_128,JP00128,91.6438349953806,52.676257045655895,Low,Male,9th,Labor,Rural,0
Student_129,JP00129,40.41712783187144,49.81508136098512,Medium,Male,7th,Daily Wage,Rural,1
Student_130,JP00130,70.64483815465394,40.7803027008261,Low,Female,10th,Labor,Rural,1
Student_131,JP00131,65.04466018892674,77.87360909508679,Low,Female,10th,Labor,City,1
Student_132,JP00132,53.326468628243816,59.67005880630167,Low,Male,8th,Small Business,Rural,1
Student_133,JP00133,47.19192204002097,26.483697272611835,Low,Female,9th,Daily Wage,Rural,1
Student_134,JP00134,60.256910284217675,37.6146561559849,Low,Female,10th,Farmer,Rural,1
Student_135,JP00135,96.57458223475115,74.66070109276768,Medium,Male,7th,Daily Wage,Rural,0
Student_136,JP00136,59.39217592124531,26.090468759224017,Medium,Female,8th,Farmer,Rural,1
Student_137,JP00137,71.12743730460197,88.0965531239015,Low,Male,7th,Small Business,Rural,0
Student_138,JP00138,82.18113753371067,59.611722161117946,Medium,Male,9th,Farmer,Rural,0
Student_139,JP00139,61.81777614275764,58.44692618613184,Low,Female,10th,Farmer,Rural,1
Student_140,JP00140,98.30692496325764,67.39262277276141,Medium,Male,6th,Labor,Rural,0
Student_141,JP00141,97.74683769652667,85.97447727401193,Medium,Male,10th,Labor,Rural,0
Student_142,JP00142,55.10693774952185,47.824736632175444,Low,Female,9th,Farmer,City,1
Student_143,JP00143,69.83491035354312,74.24129220472508,Medium,Female,10th,Farmer,City,0
Student_144,JP00144,58.05269858900618,65.25855711966328,Low,Female,10th,Labor,Rural,1
Student_145,JP00145,57.090429662648056,41.362261613553706,Low,Male,5th,Daily Wage,Rural,1
Student_146,JP00146,42.213216841271965,90.29039890841264,Medium,Male,10th,Farmer,City,1
Student_147,JP00147,76.57386003879381,83.79408172855425,Low,Female,10th,Farmer,Rural,0
Student_148,JP00148,70.16074139373168,72.67614677267404,Low,Male,7th,Labor,Urban,0
Student_149,JP00149,43.08872507499936,88.04653832753935,Low,Female,6th,Farmer,City,1
Student_150,JP00150,56.718787854196684,89.3835360767842,Medium,Female,7th,Small Business,Rural,1
Student_151,JP00151,94.49595315799922,76.66903813720279,Low,Male,7th,Small Business,Rural,0
Student_152,JP00152,54.37371344001834,86.96106626909376,Low,Female,8th,Labor,City,1
Student_153,JP00153,48.693692325473386,75.79771693354269,Medium,Male,5th,Farmer,Rural,1
Student_154,JP00154,69.36716561665378,74.41126174082403,Medium,Male,7th,Small Business,Rural,0
Student_155,JP00155,99.13902724663605,69.48891025721474,Low,Female,9th,Labor,Rural,0
Student_156,JP00156,54.523316290690026,80.2173311646113,Low,Male,9th,Small Business,Rural,1
Student_157,JP00157,80.32813284435271,32.68840842344589,Low,Female,10th,Labor,Rural,1
Student_158,JP00158,85.69717691972305,90.46966073591427,Low,Male,8th,Small Business,Urban,0
Student_159,JP00159,54.25825263954398,89.74748221961856,Low,Male,5th,Labor,City,1
Student_160,JP00160,83.69298091671158,22.33978264276473,Medium,Male,5th,Labor,Rural,1
Student_161,JP00161,62.06698796315519,86.06534004518102,Medium,Female,10th,Daily Wage,Rural,0
Student_162,JP00162,77.93834983561477,30.309589397875616,Medium,Male,9th,Labor,Rural,1
Student_163,JP00163,78.01178264565368,46.809508340731355,Low,Female,6th,Labor,Rural,0
Student_164,JP00164,72.14648104448551,79.48066050332862,Medium,Male,8th,Farmer,Rural,0
Student_165,JP00165,45.4173862032645,32.860791683864655,Low,Male,10th,Labor,City,1
Student_166,JP00166,90.11814973535428,85.43736192952497,High,Female,8th,Labor,Urban,0
Student_167,JP00167,59.24680389830415,86.57073423661936,Medium,Female,9th,Farmer,Rural,1
Student_168,JP00168,51.19111062399126,60.597418700866896,Low,Female,9th,Farmer,Rural,1
Student_169,JP00169,42.44650849328583,20.510869737346688,Medium,Female,6th,Labor,Rural,1
Student_170,JP00170,75.4535765912945,42.96305065399302,Low,Female,6th,Small Business,Rural,0
Student_171,JP00171,80.65386171053694,69.35415347005937,Medium,Male,5th,Labor,Rural,0
Student_172,JP00172,40.99526973567137,98.49489424219388,Low,Male,8th,Farmer,Rural,1
Student_173,JP00173,70.72558349795686,70.54508216133347,Low,Female,8th,Labor,City,0
Student_174,JP00174,53.58974651187628,40.78428648513278,Medium,Male,9th,Farmer,Rural,1
Student_175,JP00175,78.710367424567,70.72045624796891,Low,Male,5th,Labor,Rural,0
Student_176,JP00176,50.46198574029949,63.198830377268436,Medium,Male,10th,Farmer,Urban,1
Student_177,JP00177,81.45626428614796,82.38763161209148,Low,Female,8th,Farmer,Rural,0
Student_178,JP00178,63.20412077803225,28.558451106156674,Medium,Male,5th,Farmer,Rural,1
Student_179,JP00179,96.20379932420407,80.88223220016224,Medium,Male,5th,Farmer,Rural,0
Student_180,JP00180,48.25125664875959,63.301326294088824,Low,Male,9th,Farmer,Rural,1
Student_181,JP00181,60.46398106301551,97.03936030871957,Low,Female,5th,Farmer,Urban,1
Student_182,JP00182,46.80841127443534,47.34977328309489,Low,Male,6th,Labor,Rural,1
Student_183,JP00183,95.48161709671376,70.60975145071585,Low,Male,6th,Labor,Urban,0
Student_184,JP00184,92.64036120285886,94.5622484408014,Low,Female,7th,Farmer,Rural,0
Student_185,JP00185,55.47649766290934,28.20077823925434,Medium,Female,9th,Small Business,Rural,1
Student_186,JP00186,79.59904276205074,94.9782789789161,High,Male,10th,Farmer,Urban,0
Student_187,JP00187,89.03333201207295,75.03085778406506,Medium,Male,7th,Labor,Rural,0
Student_188,JP00188,73.31204869596775,25.42696472841375,Medium,Female,6th,Farmer,Rural,1
Student_189,JP00189,71.77903470136039,44.0770853557453,Medium,Female,7th,Farmer,Rural,1
Student_190,JP00190,54.5111374540271,76.65376709162253,Medium,Female,9th,Labor,Rural,1
Student_191,JP00191,45.586166068353954,25.388048117501736,Low,Female,9th,Labor,Rural,1
Student_192,JP00192,93.8329454771996,66.57363681410186,High,Female,5th,Government Job,Rural,0
Student_193,JP00193,94.02508342979982,47.67064455623654,Medium,Female,8th,Labor,Rural,0
Student_194,JP00194,77.98608743639608,69.67324142139817,Low,Female,5th,Daily Wage,Rural,0
Student_195,JP00195,60.34178746292204,23.65936270500103,Low,Male,9th,Farmer,City,1
Student_196,JP00196,60.95257447675965,89.7229444921901,Low,Female,6th,Farmer,Rural,1
Student_197,JP00197,83.55734073221436,97.87911753419175,Low,Female,10th,Farmer,Urban,0
Student_198,JP00198,93.82661559715463,97.51022842285532,Medium,Male,6th,Farmer,Rural,0
Student_199,JP00199,93.22518545590704,79.97214653943398,Low,Female,5th,Labor,Rural,0
Student_200,JP00200,86.79253275145743,30.406899210450558,Low,Female,10th,Labor,Urban,1
Student_201,JP00201,78.52189876925726,80.6610556743218,High,Male,9th,Farmer,Rural,0
Student_202,JP00202,45.04839789970293,21.96695331670412,Low,Female,6th,Daily Wage,Urban,1
Student_203,JP00203,49.69772284567683,21.76988412231978,Low,Male,9th,Small Business,Rural,1
Student_204,JP00204,93.91325131162475,45.8888175319633,Low,Male,10th,Farmer,Rural,0
Student_205,JP00205,76.38574357957539,59.091455232373264,Medium,Male,10th,Farmer,Rural,0
Student_206,JP00206,40.55182309699778,81.63259342462345,High,Male,6th,Farmer,Rural,1
Student_207,JP00207,46.08829257196193,74.66363012852041,Low,Female,9th,Farmer,Urban,1
Student_208,JP00208,79.81010614648335,55.67221651013987,Medium,Male,7th,Farmer,Rural,0
Student_209,JP00209,40.30369503077312,41.89013330253327,Low,Male,9th,Labor,City,1
Student_210,JP00210,49.64848308504992,99.76996001261689,High,Female,10th,Farmer,City,1
Student_211,JP00211,72.92402736199517,54.094504178877834,Medium,Male,9th,Farmer,Rural,0
Student_212,JP00212,81.51371186156159,56.11096194637404,Medium,Male,5th,Daily Wage,Rural,0
Student_213,JP00213,79.11767557015604,33.089905695333535,Low,Male,7th,Labor,Urban,1
Student_214,JP00214,53.45615856763359,83.58476389999436,High,Male,8th,Daily Wage,City,1
Student_215,JP00215,82.73075328085216,75.4945780625191,Medium,Female,5th,Farmer,Rural,0
Student_216,JP00216,54.23494524980801,37.66156902310083,Low,Male,8th,Farmer,Rural,1
Student_217,JP00217,59.52398188955606,26.590483649267416,Medium,Female,6th,Labor,Rural,1
Student_218,JP00218,84.78948430708145,74.43994416597705,Low,Female,8th,Farmer,Rural,0
Student_219,JP00219,78.97797394283288,72.36089714249081,Medium,Male,9th,Farmer,Rural,0
Student_220,JP00220,90.95340462965068,41.86076215985675,Low,Male,8th,Labor,Urban,0
Student_221,JP00221,79.4567735380206,96.06908498003283,Medium,Male,10th,Labor,Rural,0
Student_222,JP00222,74.0985162001283,32.08463134247202,Low,Male,5th,Labor,Rural,1
Student_223,JP00223,45.62048606968555,54.586784083408155,Low,Female,5th,Labor,Rural,1
Student_224,JP00224,62.062948183566014,95.4892736134079,Low,Female,8th,Labor,Rural,1
Student_225,JP00225,55.91214206090353,53.57818535408978,Low,Female,5th,Farmer,Rural,1
Student_226,JP00226,54.63937860274501,71.08207581312685,Low,Male,10th,Farmer,Rural,1
Student_227,JP00227,98.38063328514673,51.80755183702354,Low,Female,5th,Farmer,Rural,0
Student_228,JP00228,63.58586348000563,41.937216187893604,Low,Male,8th,Farmer,Rural,1
Student_229,JP00229,93.5227933106268,98.71821183678625,Low,Male,7th,Daily Wage,Rural,0
Student_230,JP00230,77.86831755983577,52.74672050520344,Low,Male,7th,Labor,City,0
Student_231,JP00231,87.6886782124989,91.52793629433076,Medium,Male,6th,Small Business,Rural,0
Student_232,JP00232,70.15822558631153,38.39636847128689,Low,Male,5th,Farmer,Rural,1
Student_233,JP00233,74.61423307758155,37.04837632200666,High,Female,8th,Farmer,Rural,1
Student_234,JP00234,69.55106162913184,22.49072663076091,Medium,Female,5th,Farmer,City,1
Student_235,JP00235,51.71457926788267,72.13334603007081,Medium,Male,9th,Farmer,Rural,1
Student_236,JP00236,83.34712691569032,49.48210749790089,Low,Female,10th,Farmer,Rural,0
Student_237,JP00237,56.846341746451344,89.14865998717096,Medium,Male,5th,Small Business,Urban,1
Student_238,JP00238,41.45895798588723,57.85679253532457,Low,Male,5th,Labor,Rural,1
Student_239,JP00239,78.72833775443007,97.45547423317774,Low,Male,7th,Labor,Rural,0
Student_240,JP00240,50.62664076442294,34.84204125624969,Low,Female,10th,Labor,Rural,1
Student_241,JP00241,96.42751506117486,89.48985343644887,Medium,Male,8th,Daily Wage,Rural,0
Student_242,JP00242,97.23571462015525,82.12774822333934,Low,Male,5th,Farmer,Rural,0
Student_243,JP00243,94.89186341322691,81.67374757152416,Low,Female,7th,Farmer,Urban,0
Student_244,JP00244,62.20952201532666,87.58265824935101,High,Female,6th,Farmer,Rural,0
Student_245,JP00245,40.927396991732046,80.88191927543991,Medium,Female,10th,Small Business,Urban,1
Student_246,JP00246,95.69911375526353,70.09762573051323,Low,Male,7th,Daily Wage,Rural,0
Student_247,JP00247,65.69104889903886,30.499590214591006,Low,Male,7th,Farmer,Urban,1
Student_248,JP00248,97.99928914262017,22.602094359300153,Medium,Female,7th,Government Job,Rural,1
Student_249,JP00249,97.81719862535518,93.66782782525495,Low,Male,5th,Small Business,Rural,0
Student_250,JP00250,91.1805673280416,69.33202516165905,Low,Female,5th,Farmer,Rural,0
Student_251,JP00251,57.66693352417514,83.7229832780941,Low,Female,6th,Farmer,City,1
Student_252,JP00252,63.105863716115515,58.52178812100401,High,Male,9th,Labor,Rural,0
Student_253,JP00253,91.06820029101141,29.38465511699156,Medium,Male,9th,Daily Wage,Rural,1
Student_254,JP00254,59.01532030937666,30.014863376204033,Medium,Female,9th,Farmer,Rural,1
Student_255,JP00255,50.16956480116555,74.84522297831771,Medium,Female,10th,Small Business,Rural,1
Student_256,JP00256,73.40807574750102,54.424471591957015,Low,Female,10th,Farmer,Rural,0
Student_257,JP00257,96.16928644964686,36.04197813602694,Low,Female,6th,Small Business,Rural,1
Student_258,JP00258,81.76178780049838,59.327563739314954,Low,Male,10th,Labor,Rural,0
Student_259,JP00259,74.2036702053619,25.13671496601073,Low,Female,9th,Labor,Rural,1
Student_260,JP00260,45.83058962624611,66.5577121531519,Low,Female,9th,Small Business,Rural,1
Student_261,JP00261,76.90043360195018,41.51947235480782,Medium,Female,7th,Small Business,Rural,0
Student_262,JP00262,99.4032310062558,83.80472805097506,Medium,Male,10th,Government Job,Urban,0
Student_263,JP00263,48.40504091419144,44.8289567138859,Medium,Male,5th,Farmer,Rural,1
Student_264,JP00264,71.0997791418242,56.4176119265441,Low,Female,5th,Labor,Rural,0
Student_265,JP00265,92.64238431567733,20.92964319264805,Medium,Male,7th,Farmer,Rural,1
Student_266,JP00266,84.44611706525227,25.795751023564712,Medium,Male,7th,Labor,City,1
Student_267,JP00267,81.82094445971607,51.399484512534784,Low,Male,7th,Labor,City,0
Student_268,JP00268,82.14904503922655,58.39510677736988,Medium,Female,5th,Labor,Urban,0
Student_269,JP00269,61.56946907318531,68.0016438495443,Low,Female,9th,Labor,Rural,1
Student_270,JP00270,57.6155106558696,43.33300629674426,Low,Male,7th,Daily Wage,Rural,1
Student_271,JP00271,88.56166932871082,75.5985508901234,Low,Female,6th,Farmer,Rural,0
Student_272,JP00272,88.60680368075084,88.80979177513636,Low,Female,7th,Labor,Rural,0
Student_273,JP00273,92.02433911480622,82.38807911146799,Low,Male,8th,Farmer,Rural,0
Student_274,JP00274,94.79443315338828,23.16950602786857,Medium,Male,7th,Farmer,Urban,1
Student_275,JP00275,70.68054393165627,58.44055578062631,High,Female,5th,Farmer,Urban,0
Student_276,JP00276,70.09097768123198,28.39441427345399,Medium,Male,10th,Daily Wage,Urban,1
Student_277,JP00277,87.89771073800651,39.363601269002196,Medium,Female,7th,Government Job,Rural,1
Student_278,JP00278,78.99783584666591,98.93300746137172,Low,Female,10th,Daily Wage,Rural,0
Student_279,JP00279,82.11801263546221,31.39964343212106,Medium,Male,8th,Daily Wage,Rural,1
Student_280,JP00280,87.74756016616607,59.911052276108485,Low,Female,6th,Farmer,Rural,0
Student_281,JP00281,93.40032050905398,69.45245874544953,Low,Female,10th,Farmer,Urban,0
Student_282,JP00282,60.27970941109215,76.19719764352831,Low,Male,9th,Labor,Rural,1
Student_283,JP00283,62.53497715839664,64.77189467895313,Low,Male,7th,Labor,Rural,1
Student_284,JP00284,45.63891639045214,20.781667793534695,Low,Male,8th,Labor,Rural,1
Student_285,JP00285,74.69680845977044,46.11690465951935,Low,Female,8th,Farmer,Rural,1
Student_286,JP00286,42.156536427804525,61.416931470776916,Low,Male,10th,Labor,Urban,1
Student_287,JP00287,67.9358810879476,27.02931993158667,High,Male,6th,Labor,Rural,1
Student_288,JP00288,72.55867808245459,48.050154496734464,Low,Male,5th,Farmer,Urban,0
Student_289,JP00289,57.192475127697065,22.656248703309323,Low,Male,7th,Labor,Rural,1
Student_290,JP00290,75.44999563414065,26.28627977240166,Low,Female,8th,Labor,Rural,1
Student_291,JP00291,41.83001499634297,51.75386209612768,Medium,Female,6th,Labor,Urban,1
Student_292,JP00292,42.24089132495286,30.617260323444828,Low,Male,9th,Farmer,Rural,1
Student_293,JP00293,89.3560336395795,65.40326786092466,Low,Female,8th,Small Business,City,0
Student_294,JP00294,61.61143848467577,75.15719753098126,Low,Male,6th,Farmer,Rural,1
Student_295,JP00295,47.623630759113084,84.04693592872663,Low,Male,5th,Farmer,Rural,1
Student_296,JP00296,71.33459560328826,36.012019539584806,Low,Female,5th,Small Business,Rural,1
Student_297,JP00297,86.19961318591665,33.398606580725584,Low,Female,8th,Labor,City,1
Student_298,JP00298,52.94926164981059,28.36542722675202,Low,Male,8th,Farmer,Rural,1
Student_299,JP00299,77.37342854914002,70.91441996349093,Low,Male,10th,Labor,Urban,0
Student_300,JP00300,45.12084789962608,76.5180581189521,Low,Female,7th,Labor,Rural,1
Student_301,JP00301,43.10090327011646,22.526891586051363,Medium,Male,6th,Small Business,Rural,1
Student_302,JP00302,71.88127789408888,94.89697969949519,Low,Female,8th,Small Business,Rural,0
Student_303,JP00303,72.43810729660639,24.157702692117795,Low,Male,7th,Labor,Rural,1
Student_304,JP00304,78.2457940898924,63.30370682408564,Low,Male,10th,Labor,Rural,0
Student_305,JP00305,83.5654800233597,76.72484155607332,High,Female,7th,Farmer,Urban,0
Student_306,JP00306,98.55112476775207,89.67752989968685,Low,Female,8th,Farmer,Rural,0
Student_307,JP00307,70.97802089807172,77.12695457059422,Low,Female,5th,Labor,Rural,0
Student_308,JP00308,59.377388376474755,84.13824664558335,Medium,Female,6th,Labor,Rural,1
Student_309,JP00309,87.71117168612221,47.15601540342448,Low,Female,6th,Labor,Rural,0
Student_310,JP00310,56.24993507572445,85.18600909972098,Low,Female,5th,Farmer,Rural,1
Student_311,JP00311,66.33828524233817,26.409187710774013,Low,Female,8th,Farmer,Rural,1
Student_312,JP00312,44.70738288053596,91.58533248484221,Medium,Male,6th,Labor,Rural,1
Student_313,JP00313,41.521044604927454,63.8073900922989,Low,Male,8th,Farmer,Rural,1
Student_314,JP00314,97.7589048806755,85.3838215969995,Medium,Male,10th,Small Business,Rural,0
Student_315,JP00315,90.15880723073235,56.18546276146401,High,Female,8th,Farmer,Rural,0
Student_316,JP00316,81.75845236562188,71.486215615722,Low,Female,7th,Labor,Rural,0
Student_317,JP00317,64.53717666485619,62.11221287488905,Low,Female,5th,Daily Wage,Rural,1
Student_318,JP00318,50.39765920425074,78.52716174042655,Low,Male,8th,Farmer,Rural,1
Student_319,JP00319,49.38622256026516,26.530398562447168,Low,Female,10th,Labor,City,1
Student_320,JP00320,55.01457388987572,24.828166719245104,Low,Female,9th,Farmer,Urban,1
Student_321,JP00321,72.95359988236723,39.768258720811716,High,Male,5th,Labor,Urban,1
Student_322,JP00322,82.87575536200374,32.76357440905507,Medium,Female,6th,Labor,Rural,1
Student_323,JP00323,79.61184260306388,89.74268532737614,Medium,Male,7th,Labor,Urban,0
Student_324,JP00324,56.79603381675657,37.53711898864354,Low,Male,6th,Labor,Urban,1
Student_325,JP00325,97.29191683979164,98.0692204655305,Medium,Female,10th,Government Job,Urban,0
Student_326,JP00326,84.27381500174612,46.951663341688544,High,Female,10th,Farmer,Rural,0
Student_327,JP00327,73.26124315068404,34.569433255095944,Medium,Female,6th,Farmer,Rural,1
Student_328,JP00328,76.70324477406113,83.17588057139832,Low,Male,5th,Government Job,Urban,0
Student_329,JP00329,65.1760037456674,72.69662204007008,Medium,Male,6th,Labor,Rural,0
Student_330,JP00330,54.86385937006945,59.85565731625112,Low,Male,8th,Government Job,Rural,1
Student_331,JP00331,61.3583607190757,64.4290840750105,Low,Female,6th,Labor,Rural,1
Student_332,JP00332,85.47076662786215,77.53614226178111,Low,Female,7th,Small Business,Rural,0
Student_333,JP00333,40.863609317785354,38.2763793065039,Medium,Female,7th,Labor,Rural,1
Student_334,JP00334,46.964358430414975,99.70671328453935,Medium,Female,9th,Small Business,Rural,1
Student_335,JP00335,42.760158521305165,97.98345297174265,Low,Male,7th,Daily Wage,Rural,1
Student_336,JP00336,42.44372813913821,72.02605490775495,Low,Male,6th,Labor,Rural,1
Student_337,JP00337,91.32763504066044,35.96339607433161,Low,Male,7th,Farmer,Rural,1
Student_338,JP00338,82.21947156280142,74.41825939450331,Low,Male,5th,Farmer,Rural,0
Student_339,JP00339,68.45042974523952,25.775872718334067,Low,Female,7th,Farmer,Rural,1
Student_340,JP00340,45.87004963906009,22.452200176464487,Low,Female,8th,Farmer,Rural,1
Student_341,JP00341,69.49695250700994,40.6146310808971,Medium,Female,5th,Farmer,Urban,0
Student_342,JP00342,68.40830624683394,57.009836539145304,Low,Male,9th,Labor,Rural,1
Student_343,JP00343,50.39211219460091,89.46180043267044,Low,Male,8th,Labor,Rural,1
Student_344,JP00344,66.03109895427838,78.17352558130465,Low,Female,6th,Labor,Rural,1
Student_345,JP00345,63.910284063842404,79.41652169599848,High,Female,6th,Labor,Urban,0
Student_346,JP00346,76.95100588313299,54.03946675584603,Medium,Male,6th,Farmer,Rural,0
Student_347,JP00347,78.10561905205863,47.674799403757035,Medium,Female,8th,Farmer,Rural,0
Student_348,JP00348,42.71824058632267,49.683101038768214,Low,Male,8th,Farmer,Rural,1
Student_349,JP00349,62.47675687758827,99.01196509888463,Low,Male,8th,Labor,Rural,1
Student_350,JP00350,77.55159494285418,23.2087353129986,Low,Male,5th,Farmer,Urban,1
Student_351,JP00351,70.18817551480527,89.36251968979589,Medium,Female,10th,Farmer,Urban,0
Student_352,JP00352,91.38939047129934,66.29403268579148,High,Female,5th,Labor,Rural,0
Student_353,JP00353,79.52161789713671,55.08923353516724,Medium,Male,6th,Small Business,Rural,0
Student_354,JP00354,49.77606562488578,78.02061283321092,Medium,Female,10th,Farmer,Rural,1
Student_355,JP00355,44.23412484402579,58.93351531397623,Medium,Male,7th,Labor,Rural,1
Student_356,JP00356,78.54515669237894,89.87385904653284,Low,Male,6th,Labor,Rural,0
Student_357,JP00357,41.59067863249731,92.05614912090068,High,Male,9th,Small Business,Rural,1
Student_358,JP00358,75.1465348764078,53.73767414987643,Low,Male,5th,Daily Wage,Rural,0
Student_359,JP00359,96.41381448549745,42.14622377880413,Low,Female,8th,Farmer,Rural,0
Student_360,JP00360,74.52845067255274,67.38802628746897,Low,Male,5th,Farmer,City,0
Student_361,JP00361,63.29019557239131,92.98906764933528,Low,Male,8th,Government Job,Rural,1
Student_362,JP00362,78.59729310654119,36.85297512045332,Low,Female,10th,Labor,Urban,1
Student_363,JP00363,67.495173429491,69.83732668507862,Low,Male,9th,Labor,Urban,1
Student_364,JP00364,72.73700735895609,70.52481760740164,Low,Male,10th,Labor,Rural,0
Student_365,JP00365,96.4878885265915,78.64904179322248,Low,Female,9th,Labor,Urban,0
Student_366,JP00366,63.16615826804645,30.525414810180784,Low,Female,5th,Daily Wage,Rural,1
Student_367,JP00367,97.67143382943485,77.26599717456709,Low,Female,8th,Daily Wage,Rural,0
Student_368,JP00368,94.32103851736383,92.72260165325127,Low,Male,10th,Small Business,Rural,0
Student_369,JP00369,51.74746808735779,34.37464870961936,Low,Female,9th,Farmer,City,1
Student_370,JP00370,44.16167805250993,39.00346599391021,Medium,Female,6th,Government Job,Rural,1
Student_371,JP00371,46.0466800826456,97.71160752333117,Medium,Male,6th,Farmer,Rural,1
Student_372,JP00372,41.093309539092985,34.47815621675918,Medium,Male,10th,Farmer,City,1
Student_373,JP00373,45.6665776453557,88.35080746956633,Medium,Male,8th,Government Job,Rural,1
Student_374,JP00374,80.98040640498141,59.38222851584278,Low,Male,10th,Farmer,Rural,0
Student_375,JP00375,44.27131890761374,39.778485952254165,Medium,Male,5th,Farmer,Urban,1
Student_376,JP00376,59.138537817625675,89.65999210180091,Low,Female,9th,Farmer,Urban,1
Student_377,JP00377,90.69251865816727,55.62442040021324,Low,Female,5th,Government Job,City,0
Student_378,JP00378,41.39631614414955,61.18538831437522,Medium,Female,6th,Labor,City,1
Student_379,JP00379,88.86810895533614,48.73866955198125,Low,Male,9th,Labor,Rural,0
Student_380,JP00380,56.911286486403995,67.4360681147942,Medium,Male,10th,Farmer,Urban,1
Student_381,JP00381,47.08988965729937,33.08190980680182,Medium,Male,5th,Small Business,Rural,1
Student_382,JP00382,81.80422992184904,51.286522932140855,Medium,Female,7th,Small Business,Rural,0
Student_383,JP00383,77.73657080679304,97.552985786823,High,Female,8th,Farmer,Rural,0
Student_384,JP00384,92.64832081162318,40.6506746160902,Low,Male,8th,Labor,Rural,0
Student_385,JP00385,84.10426262823314,72.53893316330337,Low,Female,7th,Farmer,City,0
Student_386,JP00386,88.20885582309091,46.01520513797559,Low,Male,6th,Daily Wage,City,0
Student_387,JP00387,56.92207435427839,81.87785005492805,Low,Female,9th,Labor,Rural,1
Student_388,JP00388,50.64637262678337,30.469892857467986,Medium,Female,8th,Daily Wage,Rural,1
Student_389,JP00389,85.0368850984515,97.58568360628358,Medium,Female,7th,Farmer,Rural,0
Student_390,JP00390,88.41008435603584,56.30316331069114,Medium,Male,10th,Small Business,Urban,0
Student_391,JP00391,99.4303085200404,38.88403706771712,Low,Female,7th,Small Business,Urban,1
Student_392,JP00392,64.75706061468559,25.87973978640101,Low,Female,6th,Labor,Rural,1
Student_393,JP00393,62.32108514756699,33.58063240700326,Low,Male,6th,Daily Wage,Rural,1
Student_394,JP00394,86.5847776445198,61.58191588448141,Low,Female,5th,Farmer,Rural,0
Student_395,JP00395,60.44821241518107,46.9602541145029,Medium,Male,8th,Farmer,Rural,1
Student_396,JP00396,95.84543953621389,86.31066927060876,Low,Male,5th,Labor,City,0
Student_397,JP00397,91.5047651105807,54.47100189294447,Low,Male,7th,Small Business,Rural,0
Student_398,JP00398,65.7396416425011,39.89714180701039,Low,Male,9th,Labor,Rural,1
Student_399,JP00399,85.05226406748984,69.3715989283224,Medium,Male,9th,Farmer,Rural,0
Student_400,JP00400,85.27257244508094,76.54217735083566,Medium,Female,6th,Labor,Rural,0
Student_401,JP00401,46.187432130155955,33.36335263207599,Low,Male,9th,Farmer,City,1
Student_402,JP00402,94.153174400774,33.40953730306541,Low,Male,9th,Labor,Rural,1
Student_403,JP00403,70.31514234687143,22.933714154683436,Low,Male,9th,Labor,Rural,1
Student_404,JP00404,89.5874479664645,78.91216120525124,Low,Male,7th,Small Business,Rural,0
Student_405,JP00405,59.20297606183671,73.10436220974441,Medium,Female,9th,Farmer,Rural,1
Student_406,JP00406,93.73139370977202,57.97047005998511,Medium,Male,10th,Labor,Rural,0
Student_407,JP00407,63.352100724049784,87.53363591753578,Low,Female,9th,Farmer,Urban,1
Student_408,JP00408,40.650259088817904,84.45361223600426,Low,Male,9th,Farmer,Rural,1
Student_409,JP00409,94.32291858515582,66.82834915174017,High,Female,5th,Small Business,Rural,0
Student_410,JP00410,45.477200607168015,89.4617024410607,Low,Male,7th,Daily Wage,Rural,1
Student_411,JP00411,59.15881825542489,36.46729680294146,Medium,Male,6th,Farmer,Rural,1
Student_412,JP00412,97.0037180230483,28.95356955181823,Low,Female,5th,Small Business,Rural,1
Student_413,JP00413,97.03642881625336,41.57996892135917,Low,Male,8th,Government Job,Rural,0
Student_414,JP00414,74.40627328739717,24.56694848714519,Low,Female,7th,Small Business,Urban,1
Student_415,JP00415,77.91023273018796,62.49356224008256,Low,Male,10th,Farmer,Urban,0
Student_416,JP00416,66.90673131869919,94.92845538359691,High,Female,7th,Daily Wage,Rural,0
Student_417,JP00417,57.592646301883875,23.14748325348077,Low,Male,8th,Farmer,Rural,1
Student_418,JP00418,59.71987272219496,29.768793120802144,Low,Male,8th,Farmer,Rural,1
Student_419,JP00419,80.35110736462231,56.175922262674824,Low,Female,8th,Farmer,Rural,0
Student_420,JP00420,85.1424717662608,94.7100014022324,Low,Male,6th,Labor,Urban,0
Student_421,JP00421,87.4947426235509,45.29248839814004,Low,Male,9th,Farmer,Rural,0
Student_422,JP00422,87.37708856767324,60.57878469507139,Low,Male,7th,Farmer,Rural,0
Student_423,JP00423,45.47236618292142,23.325828724031368,Medium,Male,9th,Farmer,Urban,1
Student_424,JP00424,69.66521828215488,31.86745607696711,Low,Male,9th,Small Business,Urban,1
Student_425,JP00425,43.45352560099866,98.93040983670775,Low,Male,10th,Government Job,Rural,1
Student_426,JP00426,72.97173293942413,97.20949571488364,High,Female,8th,Farmer,Rural,0
Student_427,JP00427,66.49183008240261,20.395198474752767,Low,Female,6th,Government Job,Rural,1
Student_428,JP00428,93.26225096549798,96.14494283385912,High,Female,10th,Government Job,Rural,0
Student_429,JP00429,61.05490075312472,71.12959502524004,Low,Male,5th,Small Business,City,1
Student_430,JP00430,47.02402098565635,89.43346356160177,Medium,Female,6th,Farmer,Urban,1
Student_431,JP00431,48.57950092317015,56.379188450708725,Medium,Male,9th,Labor,Urban,1
Student_432,JP00432,85.69063790304834,61.24768228634002,Medium,Male,6th,Daily Wage,Rural,0
Student_433,JP00433,77.09308379897567,59.10772642055362,High,Male,8th,Labor,Urban,0
Student_434,JP00434,46.067360567367416,73.34914060368834,Low,Male,5th,Farmer,Rural,1
Student_435,JP00435,45.04640836689985,31.172100380505032,High,Female,8th,Labor,Rural,1
Student_436,JP00436,82.0581478875472,22.397887189814234,Low,Male,5th,Labor,Rural,1
Student_437,JP00437,44.365780381851614,44.63439532729527,Low,Female,10th,Labor,Rural,1
Student_438,JP00438,89.31160355742138,76.37446101893174,Low,Male,9th,Farmer,Urban,0
Student_439,JP00439,82.37453362938977,36.14827616983587,Low,Female,5th,Farmer,Rural,1
Student_440,JP00440,44.880926838513986,73.87459466599338,Low,Female,5th,Small Business,Rural,1
Student_441,JP00441,45.09026284511152,97.59296368858163,Low,Female,5th,Government Job,Rural,1
Student_442,JP00442,99.19837471007052,27.512057263153473,Low,Female,6th,Farmer,Rural,1
Student_443,JP00443,62.45624774536722,73.8081694580101,Medium,Female,10th,Daily Wage,Rural,0
Student_444,JP00444,62.23852882401346,55.50001754436569,Medium,Female,6th,Farmer,Rural,0
Student_445,JP00445,88.76797403545015,89.45138035020042,Low,Male,9th,Labor,Urban,0
Student_446,JP00446,96.83491464303152,34.17198315579087,Low,Female,5th,Small Business,Rural,1
Student_447,JP00447,99.16006382937225,75.41007617809316,Low,Male,10th,Small Business,Rural,0
Student_448,JP00448,85.2026911155365,87.04922317184882,Low,Female,10th,Daily Wage,Rural,0
Student_449,JP00449,62.57557513185495,95.56913755792186,Low,Male,7th,Farmer,Urban,1
Student_450,JP00450,45.010043001920124,74.65984226317167,Low,Female,9th,Government Job,Rural,1
Student_451,JP00451,86.6288149556462,59.773981120674186,Low,Female,10th,Farmer,Rural,0
Student_452,JP00452,73.5042549841483,69.42777921609711,High,Male,5th,Small Business,Rural,0
Student_453,JP00453,65.45332055481857,89.51239875829745,Low,Female,5th,Small Business,Rural,1
Student_454,JP00454,94.38126310568416,65.64877973110637,Low,Female,10th,Labor,Rural,0
Student_455,JP00455,46.67184893836908,22.43096477574695,Low,Female,6th,Farmer,Urban,1
Student_456,JP00456,69.55750625745155,94.47589564055822,Low,Male,9th,Government Job,Rural,1
Student_457,JP00457,40.68121868604514,75.16214008252489,Low,Female,5th,Farmer,Rural,1
Student_458,JP00458,68.11963851964758,74.12107086217972,Medium,Male,10th,Farmer,Urban,0
Student_459,JP00459,43.37819654091024,37.254012191817374,Low,Female,5th,Small Business,Rural,1
Student_460,JP00460,47.12907497608432,72.71083761861257,Low,Female,10th,Labor,Rural,1
Student_461,JP00461,47.05157480662629,51.50915245233268,High,Male,9th,Small Business,Rural,1
Student_462,JP00462,78.95261812696381,72.09863816331936,Medium,Female,10th,Farmer,Rural,0
Student_463,JP00463,84.7626927559254,28.527442424639258,Medium,Female,7th,Farmer,Rural,1
Student_464,JP00464,75.00212590582957,72.62762436824288,Low,Male,10th,Small Business,Rural,0
Student_465,JP00465,97.73035290847251,99.95309806165332,Medium,Female,10th,Labor,Urban,0
Student_466,JP00466,62.49223477142225,23.856963108844482,Low,Male,9th,Farmer,City,1
Student_467,JP00467,57.14272517691165,98.17393473770538,Low,Male,10th,Small Business,Rural,1
Student_468,JP00468,92.11594769136762,52.55263685782965,Low,Male,9th,Labor,Rural,0
Student_469,JP00469,53.41575031116716,89.66027602698074,Low,Female,7th,Labor,Rural,1
Student_470,JP00470,97.79335236643668,82.59083872466188,Low,Male,9th,Labor,Urban,0
Student_471,JP00471,40.72926848138898,65.36130087893342,Low,Male,5th,Small Business,Rural,1
Student_472,JP00472,98.19272960245834,79.07593674010612,High,Female,9th,Small Business,Rural,0
Student_473,JP00473,42.589594717034565,90.28124490410784,High,Male,7th,Small Business,Urban,1
Student_474,JP00474,93.46858682188426,52.331225732082636,Medium,Female,8th,Farmer,Urban,0
Student_475,JP00475,71.66206654517799,46.16265292505909,Low,Female,10th,Small Business,Urban,0
Student_476,JP00476,99.57788776715802,73.40747084508678,Medium,Female,9th,Labor,Rural,0
Student_477,JP00477,44.42779388412393,84.62767535530068,Low,Female,10th,Labor,Urban,1
Student_478,JP00478,73.23125706407924,80.98281078212926,Medium,Male,6th,Farmer,Urban,0
Student_479,JP00479,98.15815213714593,83.82509190869075,Low,Male,5th,Government Job,Rural,0
Student_480,JP00480,71.38587065020893,54.84666518503464,Medium,Male,5th,Small Business,Rural,0
Student_481,JP00481,77.76391828811575,85.42673729400173,Low,Male,6th,Farmer,Rural,0
Student_482,JP00482,81.74492133907702,29.616724429648677,Medium,Male,6th,Labor,City,1
Student_483,JP00483,67.27246388606639,63.559127836867965,High,Female,9th,Government Job,Rural,0
Student_484,JP00484,77.6534848050438,20.460692839849727,Low,Male,6th,Farmer,Rural,1
Student_485,JP00485,75.05885871538601,45.96686639202162,Low,Male,8th,Daily Wage,Rural,0
Student_486,JP00486,94.06948062945933,49.31692278971183,High,Male,10th,Labor,Urban,0
Student_487,JP00487,42.72678282048747,51.69381532874043,Low,Female,10th,Labor,Rural,1
Student_488,JP00488,56.85779137553382,75.63737653518898,Medium,Female,7th,Farmer,Rural,1
Student_489,JP00489,97.02468904459353,51.08464810162766,Low,Male,6th,Farmer,Rural,0
Student_490,JP00490,93.41582703345497,55.895489809802456,Low,Female,6th,Daily Wage,City,0
Student_491,JP00491,67.33940516714277,39.0035304699462,Low,Male,8th,Farmer,Rural,1
Student_492,JP00492,77.2079558680922,49.860143330347206,Low,Male,5th,Small Business,Rural,0
Student_493,JP00493,56.64287097886796,38.181570181052116,Medium,Female,5th,Farmer,Urban,1
Student_494,JP00494,51.287269583425676,25.85567390147549,Low,Female,10th,Farmer,Rural,1
Student_495,JP00495,67.82190429639893,68.27588747051023,Low,Male,10th,Farmer,City,1
Student_496,JP00496,61.20113368156317,73.4570238844013,Low,Male,9th,Labor,Rural,1
Student_497,JP00497,75.01936671105233,69.55922768076915,Low,Female,8th,Daily Wage,Rural,0
Student_498,JP00498,44.66407821789909,57.07952350404579,Medium,Male,7th,Farmer,Rural,1
Student_499,JP00499,98.46368845996999,50.38286241433838,High,Female,7th,Farmer,Rural,0
Student_500,JP00500,99.17264466877617,89.06669196574602,Low,Male,8th,Farmer,Rural,0
Student_501,JP00501,81.88970284118471,61.526542810897446,Medium,Female,7th,Labor,Rural,0
Student_502,JP00502,72.16578198064722,58.33455021037848,Medium,Male,5th,Labor,Urban,0
Student_503,JP00503,58.571656977179664,22.051365264514857,Low,Male,7th,Government Job,Rural,1
Student_504,JP00504,88.82770118241692,47.299826210092505,High,Female,7th,Labor,Rural,0
Student_505,JP00505,81.08387035323275,50.41564950286856,Low,Male,8th,Labor,Rural,0
Student_506,JP00506,49.75701636069348,51.90582247175204,Low,Male,8th,Farmer,City,1
Student_507,JP00507,94.65563106963054,66.41378953818658,Medium,Female,7th,Daily Wage,Rural,0
Student_508,JP00508,89.35223457539014,62.68820373815028,Low,Male,6th,Farmer,Rural,0
Student_509,JP00509,96.98799479751544,68.63240742347557,Medium,Male,8th,Farmer,Rural,0
Student_510,JP00510,83.5431705033016,81.19066092337026,Medium,Male,9th,Labor,Rural,0
Student_511,JP00511,76.80491175614739,85.03885909728749,Low,Female,9th,Labor,Rural,0
Student_512,JP00512,65.09458217743713,77.44984609811955,Medium,Female,5th,Labor,City,0
Student_513,JP00513,95.9637090012408,96.44189567639478,Low,Female,7th,Labor,Rural,0
Student_514,JP00514,91.9638333700245,21.45860661410893,Low,Male,6th,Small Business,Urban,1
Student_515,JP00515,42.713120206371364,35.662238854683686,Medium,Male,5th,Farmer,Rural,1
Student_516,JP00516,41.58201846983512,20.605029998251368,High,Male,7th,Small Business,Rural,1
Student_517,JP00517,62.58780201268298,71.79797713236825,Low,Male,8th,Labor,City,1
Student_518,JP00518,88.63319984690997,91.84244391599896,Low,Female,9th,Labor,Rural,0
Student_519,JP00519,99.23656775889667,39.47858372610394,Medium,Male,10th,Labor,City,1
Student_520,JP00520,49.02501346621169,94.16276358370453,Medium,Male,6th,Farmer,Rural,1
Student_521,JP00521,75.6478429211281,24.821391223164866,Medium,Male,10th,Small Business,City,1
Student_522,JP00522,62.85345139786129,94.75488214444114,Low,Female,9th,Labor,Rural,1
Student_523,JP00523,98.1948638688762,48.12981497917075,Low,Male,10th,Farmer,Rural,0
Student_524,JP00524,90.52713538814253,28.11366627593732,Low,Male,8th,Labor,Rural,1
Student_525,JP00525,90.29972228266827,58.86974073490605,Medium,Male,7th,Daily Wage,Rural,0
Student_526,JP00526,68.12158958769821,40.542125417640634,Low,Male,8th,Labor,Rural,1
Student_527,JP00527,64.8891701402599,42.78983215695383,Low,Male,10th,Daily Wage,Rural,1
Student_528,JP00528,56.40442431584238,44.58319719410292,High,Female,8th,Farmer,Rural,1
Student_529,JP00529,43.382529799055625,84.24207182661307,Low,Male,9th,Farmer,Rural,1
Student_530,JP00530,91.88334257530319,63.132902134020355,High,Male,6th,Farmer,Urban,0
Student_531,JP00531,88.77406054780465,44.90461593248029,Medium,Male,8th,Labor,Rural,0
Student_532,JP00532,99.98306039716783,68.82670266487347,Medium,Male,9th,Farmer,Rural,0
Student_533,JP00533,99.79821022443433,77.29205393785548,Low,Male,6th,Farmer,Rural,0
Student_534,JP00534,73.32590233615764,41.8099200586827,Low,Male,7th,Daily Wage,Rural,1
Student_535,JP00535,86.13924491083063,53.08392812202812,Medium,Male,10th,Small Business,Rural,0
Student_536,JP00536,96.68594379294568,29.750887466955803,Medium,Male,7th,Small Business,Rural,1
Student_537,JP00537,90.97884344064468,34.491947962774425,Medium,Male,5th,Farmer,City,1
Student_538,JP00538,54.84088610459186,74.48942831719863,Low,Male,9th,Farmer,Urban,1
Student_539,JP00539,67.03264811860561,34.515067815650156,Medium,Female,6th,Farmer,Rural,1
Student_540,JP00540,47.7495649090897,62.01307069336481,Medium,Female,8th,Small Business,Rural,1
Student_541,JP00541,97.24306163552335,76.72370093779462,Medium,Female,7th,Daily Wage,Rural,0
Student_542,JP00542,76.3704780670528,28.55015384757951,Medium,Female,6th,Labor,Rural,1
Student_543,JP00543,53.718568330207766,65.38497757031229,Medium,Male,9th,Farmer,Rural,1
Student_544,JP00544,80.3020410643514,40.525022696109104,Medium,Female,5th,Labor,Rural,0
Student_545,JP00545,77.08769442747375,97.03415001900639,Low,Female,7th,Farmer,Rural,0
Student_546,JP00546,61.48976308197043,58.683651737593976,Low,Male,10th,Farmer,Rural,1
Student_547,JP00547,46.81345553197774,84.47940398201266,Low,Female,6th,Labor,Rural,1
Student_548,JP00548,80.29439173556797,64.01812337250094,Low,Female,10th,Small Business,Urban,0
Student_549,JP00549,71.2184620542276,23.473002628385533,Low,Male,6th,Farmer,Rural,1
Student_550,JP00550,86.33910350413836,70.65211004752179,Low,Male,6th,Farmer,Urban,0
Student_551,JP00551,71.2098100667196,96.11226737653256,Low,Male,9th,Daily Wage,City,0
Student_552,JP00552,91.13089001911241,68.1289456117065,Low,Female,9th,Farmer,Rural,0
Student_553,JP00553,73.11441032646913,85.53510875414321,Medium,Female,9th,Farmer,Rural,0
Student_554,JP00554,73.65627829212318,90.73651706787263,High,Male,8th,Farmer,Rural,0
Student_555,JP00555,92.5992161595007,38.2463817559146,Low,Male,6th,Farmer,City,1
Student_556,JP00556,64.20897197274383,36.96358719265813,High,Female,7th,Farmer,City,1
Student_557,JP00557,48.04091370703844,68.87847910807933,Low,Male,10th,Small Business,Rural,1
Student_558,JP00558,41.72696057880034,52.882277584536375,Low,Female,9th,Farmer,Rural,1
Student_559,JP00559,85.30823534041714,87.18890422933762,Low,Male,9th,Labor,Urban,0
Student_560,JP00560,77.21857308120788,92.00184987184089,Low,Male,10th,Labor,Rural,0
Student_561,JP00561,82.24478608595341,48.27371034421745,Medium,Female,10th,Labor,Urban,0
Student_562,JP00562,52.777849690534644,38.94964471795856,Medium,Male,6th,Government Job,City,1
Student_563,JP00563,48.18228853520618,82.44204121950895,Low,Male,9th,Government Job,Rural,1
Student_564,JP00564,40.87267994007291,41.984482843850884,Low,Male,10th,Farmer,Rural,1
Student_565,JP00565,61.03525352839582,85.80914548109428,Low,Female,8th,Small Business,Rural,1
Student_566,JP00566,75.39506121127799,53.89906029190102,Low,Male,8th,Labor,Rural,0
Student_567,JP00567,63.53464270598394,73.40399194331764,Low,Male,9th,Daily Wage,Rural,1
Student_568,JP00568,66.24849532142375,27.642825106773454,Low,Male,10th,Labor,Urban,1
Student_569,JP00569,94.24952166962491,69.90874597412584,Medium,Male,6th,Daily Wage,City,0
Student_570,JP00570,60.89532802139802,56.14141429897833,High,Male,6th,Small Business,City,0
Student_571,JP00571,70.83936934958865,66.92867705403793,Low,Male,6th,Farmer,Rural,0
Student_572,JP00572,87.01918076446859,33.441136619589074,High,Female,5th,Labor,Urban,1
Student_573,JP00573,63.79256693927621,78.94989959553457,Low,Female,9th,Daily Wage,Urban,1
Student_574,JP00574,77.32520201367241,89.02376620345828,Low,Male,6th,Government Job,Rural,0
Student_575,JP00575,91.7418225248047,37.33918400726205,Low,Female,8th,Farmer,Rural,1
Student_576,JP00576,96.97123741945853,27.657164441612938,Medium,Female,10th,Small Business,Rural,1
Student_577,JP00577,48.82440885574228,21.89108688370691,High,Male,7th,Farmer,City,1
Student_578,JP00578,95.59525750968966,71.35772003546128,Medium,Female,7th,Farmer,Rural,0
Student_579,JP00579,69.5269775847723,68.56752288710246,Low,Female,6th,Labor,Urban,1
Student_580,JP00580,55.4946632979375,63.7357930171256,Medium,Female,7th,Farmer,Rural,1
Student_581,JP00581,67.54814537429567,38.555767689278035,Low,Female,7th,Small Business,Urban,1
Student_582,JP00582,98.80195451712862,51.27247967244117,Medium,Female,5th,Farmer,Rural,0
Student_583,JP00583,69.55708563957218,67.55810681489385,Low,Female,8th,Small Business,Rural,1
Student_584,JP00584,59.72509661725049,59.741348708733554,Low,Female,8th,Farmer,Rural,1
Student_585,JP00585,78.00405125900355,99.02284161719098,Low,Female,5th,Farmer,Rural,0
Student_586,JP00586,54.408737126691584,30.91518020453865,Medium,Male,5th,Farmer,Urban,1
Student_587,JP00587,44.551799686519836,75.6115643238075,Low,Male,7th,Farmer,Rural,1
Student_588,JP00588,47.73278331463895,52.34550144834337,Medium,Female,9th,Farmer,Rural,1
Student_589,JP00589,47.682750337466345,54.25596919404918,Low,Female,10th,Farmer,Rural,1
Student_590,JP00590,49.11416161073766,77.4078212526541,Medium,Male,10th,Labor,Rural,1
Student_591,JP00591,48.32963035896461,75.39489210594957,Medium,Female,7th,Farmer,Rural,1
Student_592,JP00592,78.45248468819288,99.30047949617506,Medium,Female,10th,Labor,Rural,0
Student_593,JP00593,50.91280506394869,30.27154315633002,Low,Male,5th,Farmer,City,1
Student_594,JP00594,60.740036999431794,28.328771950733305,Low,Male,8th,Government Job,Rural,1
Student_595,JP00595,93.80730459436072,77.9471053702993,Low,Male,10th,Daily Wage,Urban,0
Student_596,JP00596,68.43769841577235,66.27095336051272,Medium,Female,7th,Labor,City,0
Student_597,JP00597,80.05346431126164,41.93285332478447,Low,Female,9th,Farmer,Rural,0
Student_598,JP00598,50.33919227209779,26.35354951911893,Low,Male,7th,Farmer,Rural,1
Student_599,JP00599,51.53734112852025,26.852659967714445,Low,Male,6th,Daily Wage,Rural,1
Student_600,JP00600,42.45211697598873,91.53526997312946,Low,Female,7th,Farmer,City,1
Student_601,JP00601,50.136103784329876,35.34938597749943,Medium,Male,5th,Farmer,City,1
Student_602,JP00602,56.715420341917515,45.86972496924166,Low,Female,8th,Farmer,Rural,1
Student_603,JP00603,50.62062905660481,38.13251217815904,Medium,Female,8th,Farmer,Urban,1
Student_604,JP00604,45.322152025423335,48.39970446655499,Low,Male,10th,Farmer,Rural,1
Student_605,JP00605,47.238152266036046,25.55390741968747,Low,Male,5th,Small Business,City,1
Student_606,JP00606,67.64672608196355,61.52478327266163,Low,Female,6th,Farmer,City,1
Student_607,JP00607,52.38002310434755,25.409005087377192,Low,Male,5th,Labor,Rural,1
Student_608,JP00608,61.85619166288453,84.02852062578893,Low,Male,7th,Farmer,Rural,1
Student_609,JP00609,70.20503625129142,38.69696655283464,Medium,Male,5th,Farmer,Rural,1
Student_610,JP00610,81.42368971776192,63.20095316836085,Low,Male,5th,Daily Wage,Rural,0
Student_611,JP00611,42.358728390465934,90.40632700491666,Medium,Female,6th,Farmer,Urban,1
Student_612,JP00612,87.96462393454256,72.07018952377554,Low,Female,7th,Small Business,Rural,0
Student_613,JP00613,77.67402336945446,62.636622924106824,Low,Female,9th,Labor,Rural,0
Student_614,JP00614,44.905541916932314,45.94670024923005,Medium,Female,9th,Farmer,Rural,1
Student_615,JP00615,92.41471744640663,46.64015304465583,Low,Male,8th,Daily Wage,City,0
Student_616,JP00616,95.25234403190879,73.5589564158552,Low,Male,10th,Farmer,Rural,0
Student_617,JP00617,43.66467759129183,99.5311488976934,Low,Female,5th,Government Job,Rural,1
Student_618,JP00618,56.61265888883222,72.9471351879503,Low,Female,8th,Farmer,Rural,1
Student_619,JP00619,88.37207678758368,64.622673389602,Medium,Male,6th,Government Job,City,0
Student_620,JP00620,84.89558142301951,78.45204081913968,Low,Female,9th,Farmer,Urban,0
Student_621,JP00621,51.07126116138264,57.21644898269745,Medium,Female,5th,Labor,Rural,1
Student_622,JP00622,52.56095940020262,24.811387408062817,Medium,Male,6th,Small Business,Rural,1
Student_623,JP00623,62.22832616748292,64.98374527023279,Low,Female,10th,Daily Wage,Rural,1
Student_624,JP00624,69.07137911146128,96.61002276043041,High,Male,6th,Daily Wage,Rural,0
Student_625,JP00625,77.09528629181776,34.02423538861277,Low,Male,5th,Small Business,Rural,1
Student_626,JP00626,62.134818374186345,75.20039126565325,High,Female,10th,Government Job,City,0
Student_627,JP00627,67.75208296798887,36.07469509272452,Low,Male,6th,Farmer,Rural,1
Student_628,JP00628,84.8482562880254,62.8662147578465,Medium,Female,10th,Farmer,Urban,0
Student_629,JP00629,42.20099217343587,27.73411597173757,Low,Male,5th,Farmer,Rural,1
Student_630,JP00630,55.146216660641244,56.02967490065481,Low,Female,5th,Farmer,Urban,1
Student_631,JP00631,82.80097515307315,80.49306631161969,Medium,Female,10th,Farmer,Urban,0
Student_632,JP00632,93.71241026123197,47.80572193911857,Medium,Female,7th,Labor,Rural,0
Student_633,JP00633,70.70064652693996,73.19293795897744,Low,Male,8th,Farmer,Rural,0
Student_634,JP00634,71.92680911591894,83.63599686317833,Low,Male,6th,Labor,Rural,0
Student_635,JP00635,46.430320680386565,94.17422555835621,Medium,Female,6th,Farmer,Rural,1
Student_636,JP00636,66.84474200940728,38.77136654843628,Medium,Male,7th,Farmer,Rural,1
Student_637,JP00637,71.9570359873014,51.94527326474465,High,Female,7th,Labor,Rural,0
Student_638,JP00638,54.54823021808378,32.19328106643339,Medium,Female,7th,Small Business,City,1
Student_639,JP00639,56.154593856962855,99.39868017267001,High,Male,9th,Small Business,Rural,1
Student_640,JP00640,62.63704978627736,94.16007743394363,Medium,Female,9th,Labor,Urban,0
Student_641,JP00641,41.20427186666358,63.196570422444765,Low,Male,10th,Farmer,Rural,1
Student_642,JP00642,59.3247499349907,87.3626635501137,Low,Female,9th,Labor,Urban,1
Student_643,JP00643,52.68688041979268,61.67663818176337,Medium,Male,5th,Farmer,Rural,1
Student_644,JP00644,59.64984113067488,69.88685504022078,Medium,Female,10th,Farmer,Urban,1
Student_645,JP00645,47.18572790915508,27.12995456928133,Low,Female,6th,Labor,Rural,1
Student_646,JP00646,93.4316368443937,80.42163363974464,Low,Male,8th,Farmer,Rural,0
Student_647,JP00647,75.61554721324292,30.217078690818788,High,Female,5th,Farmer,Rural,1
Student_648,JP00648,80.74613914866937,86.08541042020227,Low,Female,6th,Daily Wage,Rural,0
Student_649,JP00649,87.35027431644029,82.56224701363087,Low,Male,6th,Daily Wage,Rural,0
Student_650,JP00650,69.90653193574343,76.69957581943811,Low,Female,10th,Farmer,Rural,1
Student_651,JP00651,45.21521728524542,22.89283044198097,Low,Male,7th,Farmer,Rural,1
Student_652,JP00652,72.22639250911287,44.250268475626285,Low,Female,7th,Farmer,Urban,0
Student_653,JP00653,75.21046708125274,41.04900559286743,Low,Male,5th,Farmer,Rural,0
Student_654,JP00654,84.7263684510598,48.810912597721526,Low,Female,7th,Daily Wage,Rural,0
Student_655,JP00655,65.89957277378076,27.011419741107083,Medium,Female,6th,Farmer,Urban,1
Student_656,JP00656,47.65481816773382,94.95662584248502,Low,Female,7th,Small Business,Rural,1
Student_657,JP00657,57.026554347923465,64.3041792569901,Medium,Male,9th,Farmer,Rural,1
Student_658,JP00658,61.7849377839181,44.44194485264188,Medium,Male,7th,Daily Wage,Rural,1
Student_659,JP00659,78.75503447989607,51.75852136594267,Low,Male,6th,Farmer,City,0
Student_660,JP00660,74.24669828013471,55.77620324038685,Medium,Male,10th,Small Business,Urban,0
Student_661,JP00661,61.36580355387078,68.04754666884938,Low,Female,5th,Farmer,Urban,1
Student_662,JP00662,99.19091492757879,61.25435421571982,Medium,Female,8th,Labor,Rural,0
Student_663,JP00663,76.34648916141323,93.55135785715339,Low,Male,7th,Farmer,Urban,0
Student_664,JP00664,54.23360750415967,59.75707863246642,Medium,Male,6th,Farmer,Rural,1
Student_665,JP00665,46.106948357224226,99.372641185865,Medium,Male,8th,Daily Wage,Rural,1
Student_666,JP00666,49.17154835105992,88.11399661960766,Low,Female,8th,Daily Wage,Rural,1
Student_667,JP00667,54.757463703070485,36.680841148586865,Low,Male,9th,Government Job,Rural,1
Student_668,JP00668,49.64088239557334,94.4476171715133,Medium,Male,8th,Labor,Rural,1
Student_669,JP00669,51.19402144307835,29.309311830838087,Medium,Female,10th,Small Business,Rural,1
Student_670,JP00670,57.10571012163083,85.39597667929533,Low,Female,6th,Farmer,Rural,1
Student_671,JP00671,50.40241571768529,50.4498634781264,Medium,Male,6th,Farmer,Rural,1
Student_672,JP00672,93.8059254775855,90.23794563560556,Low,Female,7th,Farmer,Urban,0
Student_673,JP00673,44.81402473969853,89.44453520859602,Medium,Male,7th,Labor,Rural,1
Student_674,JP00674,71.47068337421528,84.4740320094097,Low,Female,7th,Farmer,Urban,0
Student_675,JP00675,64.62380961937968,83.20243490456491,Medium,Male,10th,Farmer,Rural,0
Student_676,JP00676,98.94271701451639,44.37433112784326,Low,Male,8th,Labor,Urban,0
Student_677,JP00677,46.72233413008314,26.473542644100174,Low,Male,8th,Small Business,Rural,1
Student_678,JP00678,63.8713359427445,52.23841430121291,Low,Male,9th,Farmer,Rural,1
Student_679,JP00679,98.16822599652212,33.88196119892069,Low,Female,10th,Farmer,Rural,1
Student_680,JP00680,91.93042755363882,75.59608711219694,Low,Female,7th,Farmer,Rural,0
Student_681,JP00681,89.02432425695679,47.687978123022845,Low,Female,5th,Farmer,Urban,0
Student_682,JP00682,55.47416962269639,98.04881606879319,Medium,Female,9th,Farmer,Rural,1
Student_683,JP00683,50.25325524340395,71.27776618762655,Low,Male,5th,Labor,Rural,1
Student_684,JP00684,80.11859319546586,85.79844509074887,Low,Male,8th,Labor,Urban,0
Student_685,JP00685,95.76255934765514,30.601973819347876,Low,Female,9th,Labor,Rural,1
Student_686,JP00686,73.40577358083578,88.9611585818098,Low,Female,9th,Farmer,Rural,0
Student_687,JP00687,74.29676136819398,93.82057524107155,Low,Female,6th,Small Business,Rural,0
Student_688,JP00688,56.79874561961705,58.96495350551487,Low,Female,8th,Farmer,Rural,1
Student_689,JP00689,86.16957599151621,68.5002350200782,Low,Female,8th,Labor,Rural,0
Student_690,JP00690,51.222624913451405,81.18478407223964,Low,Male,10th,Small Business,Rural,1
Student_691,JP00691,59.42075418425462,33.98709018083301,Low,Male,9th,Farmer,City,1
Student_692,JP00692,65.526186316985,60.205286117075396,Low,Male,8th,Farmer,Rural,1
Student_693,JP00693,70.4566227210673,51.89304222178505,Low,Female,9th,Government Job,Rural,0
Student_694,JP00694,54.544583944904815,31.70991937297993,Low,Female,10th,Farmer,Rural,1
Student_695,JP00695,46.89020948435221,49.40275378332252,High,Female,10th,Labor,City,1
Student_696,JP00696,76.63720254649796,25.453784750839485,Low,Female,6th,Farmer,Urban,1
Student_697,JP00697,57.31783319441534,22.06495255595896,Medium,Male,9th,Labor,Rural,1
Student_698,JP00698,74.87429328535674,30.81330313238582,Low,Male,8th,Farmer,Urban,1
Student_699,JP00699,49.26176291645214,97.0492089271339,Medium,Female,8th,Farmer,Rural,1
Student_700,JP00700,68.86840611128905,63.96236287160136,Medium,Male,9th,Labor,Rural,0
Student_701,JP00701,71.95536595309515,97.2657728922576,Low,Male,9th,Farmer,Rural,0
Student_702,JP00702,43.109412209345614,54.59983026641056,High,Female,9th,Farmer,Rural,1
Student_703,JP00703,60.196256691635234,44.945290646820766,Low,Female,7th,Farmer,Rural,1
Student_704,JP00704,48.064880616338456,60.49134902721953,Low,Female,8th,Farmer,City,1
Student_705,JP00705,43.80249822836606,55.16093509063281,Medium,Female,10th,Farmer,Rural,1
Student_706,JP00706,99.39761394339672,28.453174740939513,Medium,Female,8th,Farmer,City,1
Student_707,JP00707,59.34123069848338,71.2661051752165,Low,Female,7th,Daily Wage,Rural,1
Student_708,JP00708,88.5924667512781,37.28305460076797,Low,Male,9th,Farmer,Rural,1
Student_709,JP00709,55.27843928582583,69.56703639182636,Low,Male,6th,Labor,Rural,1
Student_710,JP00710,80.89016333343575,72.01608739185227,Low,Female,9th,Farmer,Rural,0
Student_711,JP00711,85.6136715933812,32.16198825029185,Medium,Male,9th,Farmer,Rural,1
Student_712,JP00712,75.73832443647066,24.907970168853453,Low,Female,7th,Daily Wage,Rural,1
Student_713,JP00713,68.2945713130095,82.46092688547519,Low,Female,8th,Farmer,Rural,1
Student_714,JP00714,64.71045484883611,56.78403390154561,Low,Female,9th,Daily Wage,Rural,1
Student_715,JP00715,60.93209599257972,24.65310364043806,Low,Female,8th,Farmer,Urban,1
Student_716,JP00716,95.77174865486955,99.58930537358137,Low,Male,5th,Small Business,Rural,0
Student_717,JP00717,89.83716446726375,24.62244487970933,Medium,Female,10th,Labor,Rural,1
Student_718,JP00718,97.90161463999075,75.60281830868425,High,Male,8th,Government Job,Rural,0
Student_719,JP00719,47.45783340913268,98.69431402107308,Medium,Female,6th,Labor,City,1
Student_720,JP00720,83.85204851221866,39.13440833727405,Low,Female,10th,Labor,Urban,1
Student_721,JP00721,96.30042740926227,31.379949494975694,Medium,Female,6th,Farmer,Rural,1
Student_722,JP00722,50.87398396993961,29.71079515379431,Medium,Male,9th,Farmer,Rural,1
Student_723,JP00723,43.98977604200665,44.262011805407646,Medium,Female,10th,Daily Wage,Rural,1
Student_724,JP00724,84.46723895740354,28.083664880851735,Low,Female,8th,Farmer,City,1
Student_725,JP00725,74.46838679079471,75.37290733553056,Low,Female,10th,Farmer,Rural,0
Student_726,JP00726,90.50972660549633,24.983343850405014,Low,Male,9th,Small Business,Rural,1
Student_727,JP00727,48.38634259757737,60.75377025198318,Low,Male,7th,Farmer,Rural,1
Student_728,JP00728,87.71603871159341,99.73574830823814,Low,Male,6th,Daily Wage,Rural,0
Student_729,JP00729,52.09763920286467,85.11762156048151,Low,Female,9th,Small Business,City,1
Student_730,JP00730,49.81935657194227,69.21755505848087,Low,Male,7th,Labor,Rural,1
Student_731,JP00731,49.85594787585958,44.500289662928935,Medium,Female,10th,Government Job,Rural,1
Student_732,JP00732,88.87448321388293,69.91166690333108,Low,Male,10th,Farmer,Rural,0
Student_733,JP00733,79.911833241772,62.163317112932134,Low,Male,9th,Farmer,Urban,0
Student_734,JP00734,71.38392548614716,54.086670711229715,High,Female,8th,Labor,Urban,0
Student_735,JP00735,61.529829047410146,30.45683013921596,High,Male,10th,Farmer,Rural,1
Student_736,JP00736,92.6320324487865,90.92833721923733,Medium,Female,8th,Small Business,Rural,0
Student_737,JP00737,63.546706445358126,55.9827719057058,High,Female,8th,Daily Wage,Urban,0
Student_738,JP00738,88.99596636829463,35.56980094566121,Low,Male,8th,Labor,Rural,1
Student_739,JP00739,66.3480945142131,49.420748070183166,High,Female,5th,Farmer,Rural,1
Student_740,JP00740,62.61666576549445,53.130380202314164,Low,Female,7th,Daily Wage,Rural,1
Student_741,JP00741,67.76078714017639,86.20303164534994,Low,Male,7th,Labor,City,1
Student_742,JP00742,58.08267244984852,78.68915044491216,Low,Male,10th,Labor,Rural,1
Student_743,JP00743,84.85656281057507,81.54439149130718,Low,Female,10th,Farmer,Urban,0
Student_744,JP00744,70.16322340554875,20.882501154291777,Low,Male,8th,Daily Wage,Rural,1
Student_745,JP00745,53.93276170880904,53.29231985438092,Medium,Female,5th,Labor,Rural,1
Student_746,JP00746,93.97447439647411,58.50753213082589,Medium,Female,8th,Small Business,Rural,0
Student_747,JP00747,63.033473282392684,21.535382145844537,Low,Male,5th,Small Business,Rural,1
Student_748,JP00748,72.61317166683932,40.785056699602734,Low,Male,8th,Farmer,Rural,1
Student_749,JP00749,94.38832665787281,80.8231858497708,Medium,Male,6th,Labor,Rural,0
Student_750,JP00750,77.45427975483952,30.968776458319923,Medium,Male,6th,Small Business,Rural,1
Student_751,JP00751,47.013882442501846,62.824810516207336,Low,Female,9th,Farmer,Urban,1
Student_752,JP00752,96.3899274168085,37.216149761379,Medium,Female,8th,Small Business,City,1
Student_753,JP00753,77.66248318428507,20.969661971511464,Low,Male,10th,Daily Wage,Rural,1
Student_754,JP00754,60.09433687942517,39.29611660796332,Low,Male,7th,Labor,Rural,1
Student_755,JP00755,48.35632435980324,98.0699003928043,High,Female,9th,Small Business,Rural,1
Student_756,JP00756,87.64151135621776,84.12296895063916,Low,Female,10th,Small Business,Rural,0
Student_757,JP00757,77.2043653557108,96.76613154568267,Low,Female,6th,Small Business,Urban,0
Student_758,JP00758,72.00766551857929,59.028323514109,Medium,Female,8th,Farmer,Rural,0
Student_759,JP00759,93.63355498305746,28.778895894200282,Medium,Male,9th,Farmer,Rural,1
Student_760,JP00760,87.31583267347185,63.83675911789544,Low,Female,8th,Labor,Urban,0
Student_761,JP00761,49.10049278396507,56.350186764796874,Low,Female,6th,Labor,Rural,1
Student_762,JP00762,58.70332406773289,87.54856661916928,Low,Male,9th,Labor,Rural,1
Student_763,JP00763,54.90934838886795,27.846606462739565,Medium,Female,6th,Small Business,Rural,1
Student_764,JP00764,84.63677755436062,59.059290961742256,Low,Female,5th,Farmer,Rural,0
Student_765,JP00765,42.011946084146764,32.00389317551874,Low,Male,6th,Labor,Rural,1
Student_766,JP00766,74.193381092279,45.974074151204796,High,Male,8th,Farmer,Urban,0
Student_767,JP00767,85.74752114444144,78.98856619102398,Low,Male,7th,Small Business,Urban,0
Student_768,JP00768,92.60593820570497,58.081450349501324,Low,Female,6th,Labor,Rural,0
Student_769,JP00769,60.52490492295445,50.07106281166155,Low,Female,10th,Farmer,City,1
Student_770,JP00770,89.27543828032077,51.55810228560283,Medium,Male,7th,Farmer,Rural,0
Student_771,JP00771,46.63790421731243,56.75574147247893,Low,Male,5th,Small Business,Urban,1
Student_772,JP00772,90.7871375040711,82.80132350696455,Low,Female,9th,Labor,Rural,0
Student_773,JP00773,47.649319739918944,91.36677511521876,Medium,Male,9th,Farmer,Urban,1
Student_774,JP00774,63.837237433622036,96.42677492031426,Low,Male,7th,Daily Wage,City,1
Student_775,JP00775,87.83772194677321,82.95227090042361,Low,Male,9th,Small Business,Rural,0
Student_776,JP00776,48.99504564092643,45.23255165984102,Low,Female,6th,Daily Wage,City,1
Student_777,JP00777,53.75508371395849,75.05077648692337,Low,Female,7th,Labor,Urban,1
Student_778,JP00778,83.33515410358397,55.008249924431354,Low,Female,8th,Labor,Urban,0
Student_779,JP00779,83.20219219276446,40.37364976368409,Low,Female,6th,Government Job,Rural,0
Student_780,JP00780,78.46885797311784,87.26972635407381,Low,Female,6th,Labor,Urban,0
Student_781,JP00781,81.636906668026,23.074107916986,Low,Female,6th,Small Business,Urban,1
Student_782,JP00782,72.56346660085578,92.14095937083388,Medium,Male,8th,Farmer,Rural,0
Student_783,JP00783,55.10794353441717,56.91819716997873,High,Female,5th,Labor,City,1
Student_784,JP00784,60.741759610235164,70.97611814466244,Medium,Female,10th,Farmer,Rural,0
Student_785,JP00785,50.89586300808554,72.74831377646262,Medium,Male,9th,Farmer,Rural,1
Student_786,JP00786,94.5070336800177,91.60941925652291,Low,Female,7th,Farmer,Rural,0
Student_787,JP00787,75.00350768596722,70.93357457337659,High,Female,5th,Farmer,Rural,0
Student_788,JP00788,64.0510850058184,69.11468678080494,Low,Male,7th,Daily Wage,Rural,1
Student_789,JP00789,67.72034821864796,25.332163244855195,High,Male,9th,Farmer,Rural,1
Student_790,JP00790,96.83700037670891,61.47264175561632,High,Male,8th,Labor,City,0
Student_791,JP00791,49.20108418696481,32.01352006536333,Medium,Female,6th,Small Business,Rural,1
Student_792,JP00792,75.17378992100784,78.99470149771885,High,Male,6th,Labor,Rural,0
Student_793,JP00793,70.35332073306796,60.97775366501396,Low,Female,8th,Farmer,Rural,0
Student_794,JP00794,76.68725412607887,74.41822233666826,Low,Female,5th,Small Business,Rural,0
Student_795,JP00795,41.08661102925043,23.333832048190743,Low,Female,5th,Labor,City,1
Student_796,JP00796,92.3274345366491,26.783361283664256,Low,Female,7th,Small Business,Rural,1
Student_797,JP00797,95.92709694901674,77.30587104501458,Low,Male,8th,Small Business,Urban,0
Student_798,JP00798,73.90799101535254,25.76674687989387,Medium,Male,5th,Daily Wage,Rural,1
Student_799,JP00799,81.79904943261353,25.70053822122069,High,Female,8th,Labor,Rural,1
Student_800,JP00800,95.34996287063774,20.968678018790996,Low,Male,9th,Farmer,Rural,1
Student_801,JP00801,82.43431805880391,96.5201118639584,Medium,Female,6th,Labor,Rural,0
Student_802,JP00802,49.15234257485568,79.00066875672056,High,Female,6th,Farmer,Rural,1
Student_803,JP00803,74.57730161000879,48.260112680165136,High,Female,6th,Government Job,Rural,1
Student_804,JP00804,76.40290278297135,43.72284650301242,High,Male,8th,Farmer,Rural,0
Student_805,JP00805,65.44784027814316,47.97625837966797,Low,Female,8th,Farmer,Urban,1
Student_806,JP00806,84.18665413748337,81.97228249449455,High,Female,7th,Small Business,Rural,0
Student_807,JP00807,96.06202088614089,72.90964888563315,Medium,Male,6th,Labor,Rural,0
Student_808,JP00808,95.53411077440659,34.815645429397435,Low,Male,7th,Farmer,Rural,1
Student_809,JP00809,67.05036228424792,33.92874682672675,Low,Male,6th,Labor,Rural,1
Student_810,JP00810,46.79428275044531,27.871651977071785,Medium,Male,7th,Government Job,Urban,1
Student_811,JP00811,99.09047193774008,72.82421757610705,Low,Female,7th,Farmer,Rural,0
Student_812,JP00812,90.33388518675605,81.14981297773888,Medium,Male,9th,Government Job,Rural,0
Student_813,JP00813,47.47976087219601,41.20371426600032,Medium,Female,7th,Farmer,City,1
Student_814,JP00814,95.25051295704233,21.675596882473023,Low,Male,8th,Small Business,Rural,1
Student_815,JP00815,92.1937817237277,26.573733398114186,Low,Male,7th,Small Business,Rural,1
Student_816,JP00816,71.13028342756432,97.42880278760244,Medium,Male,6th,Farmer,Rural,0
Student_817,JP00817,75.47652614469575,43.63558219819362,Low,Male,7th,Labor,Rural,0
Student_818,JP00818,63.94016223220782,81.53785182705069,Low,Male,5th,Farmer,Urban,1
Student_819,JP00819,43.28569832932188,69.9730855083411,Low,Male,10th,Small Business,Urban,1
Student_820,JP00820,60.11183449875406,50.555171172231674,Low,Female,6th,Labor,City,1
Student_821,JP00821,88.17120691588069,36.45498097564441,High,Male,5th,Labor,Rural,1
Student_822,JP00822,40.27792138027617,29.710913452752514,Low,Male,6th,Farmer,Rural,1
Student_823,JP00823,60.00995030146865,69.20103744310933,Medium,Male,8th,Farmer,Urban,0
Student_824,JP00824,63.8901216154566,81.97070245102304,Low,Male,10th,Farmer,Rural,1
Student_825,JP00825,72.24373617627538,71.51234028329046,Low,Female,10th,Farmer,Rural,0
Student_826,JP00826,95.19133698476563,62.42417065993266,Medium,Male,8th,Labor,Rural,0
Student_827,JP00827,60.780759661957674,23.356097874530903,Medium,Male,10th,Government Job,Rural,1
Student_828,JP00828,60.817192113773665,97.47910220755071,Low,Male,8th,Labor,Rural,1
Student_829,JP00829,84.2500748865849,83.89713533236596,Low,Male,5th,Labor,Urban,0
Student_830,JP00830,67.13307645338843,43.42576293607718,Low,Female,9th,Daily Wage,Urban,1
Student_831,JP00831,53.47628937639892,98.39762634870806,Low,Male,6th,Small Business,Rural,1
Student_832,JP00832,67.1463709679616,68.15052717090578,Medium,Female,8th,Daily Wage,Rural,0
Student_833,JP00833,48.45142122278799,66.59381265657971,Low,Male,6th,Labor,Rural,1
Student_834,JP00834,50.5832191903734,79.84585435436257,Low,Female,5th,Farmer,Urban,1
Student_835,JP00835,69.90206636436878,84.941583047211,Low,Female,9th,Farmer,Rural,1
Student_836,JP00836,65.13552697027288,72.51828858652021,High,Male,5th,Small Business,Urban,0
Student_837,JP00837,94.890754064086,30.247659709296002,High,Male,10th,Farmer,Rural,1
Student_838,JP00838,61.74363394699799,47.06140047955987,Low,Female,6th,Farmer,Rural,1
Student_839,JP00839,74.8353010166826,94.24669122608398,Medium,Female,9th,Labor,Rural,0
Student_840,JP00840,77.93585727517183,37.969248947508156,Low,Male,10th,Labor,Urban,1
Student_841,JP00841,40.78566739530002,49.77336190700107,Low,Female,9th,Labor,Rural,1
Student_842,JP00842,79.81224232100263,54.56615063553568,Medium,Female,10th,Farmer,Rural,0
Student_843,JP00843,50.682158012185084,55.15239917555618,High,Female,5th,Farmer,Rural,1
Student_844,JP00844,97.66421904816731,69.03516659956205,High,Male,8th,Labor,Urban,0
Student_845,JP00845,48.91976366518678,95.4460670195766,Low,Female,6th,Daily Wage,Urban,1
Student_846,JP00846,64.87744742362142,39.2554169466004,Low,Female,7th,Small Business,Rural,1
Student_847,JP00847,45.12098008471863,29.720110104073445,Medium,Female,7th,Daily Wage,Urban,1
Student_848,JP00848,99.81245511075684,35.79763918879499,Low,Male,5th,Small Business,Rural,1
Student_849,JP00849,70.13170061987455,90.95399201674157,Low,Male,6th,Labor,Rural,0
Student_850,JP00850,75.72310103920263,71.66486501241648,Low,Female,6th,Farmer,Rural,0
Student_851,JP00851,44.02458864330565,42.87254313913281,Medium,Male,5th,Labor,Rural,1
Student_852,JP00852,84.99762822395067,85.27575511748938,Low,Female,6th,Labor,Urban,0
Student_853,JP00853,52.594335585735145,88.90959970907488,Low,Male,8th,Labor,Urban,1
Student_854,JP00854,93.88325736644282,87.72114709522225,High,Male,5th,Labor,Rural,0
Student_855,JP00855,52.30837842892043,93.51412269116436,Low,Female,8th,Labor,Rural,1
Student_856,JP00856,51.441263239819996,40.17928161386892,Low,Male,6th,Farmer,Urban,1
Student_857,JP00857,42.192980070885696,80.40335429970226,Low,Male,5th,Labor,City,1
Student_858,JP00858,68.32401670659995,56.8431597819312,Low,Male,6th,Farmer,Rural,1
Student_859,JP00859,73.89046799575698,87.35988423120492,Low,Female,5th,Small Business,City,0
Student_860,JP00860,43.94251836570114,78.27925417292906,Low,Male,6th,Farmer,Rural,1
Student_861,JP00861,86.53165700170064,82.11579571997797,Medium,Male,8th,Farmer,Rural,0
Student_862,JP00862,67.19733008488166,72.49294701448572,Low,Female,8th,Labor,Urban,1
Student_863,JP00863,71.4634161596548,34.19430155757655,High,Male,6th,Labor,Rural,1
Student_864,JP00864,66.44576481629369,63.60215351175506,Low,Male,5th,Labor,Rural,1
Student_865,JP00865,64.04578365251956,98.77357916196065,Low,Male,7th,Farmer,Rural,1
Student_866,JP00866,73.57841987849308,94.99104531976951,Low,Male,8th,Labor,Urban,0
Student_867,JP00867,49.31441475584275,23.453898863760934,Low,Male,8th,Farmer,Urban,1
Student_868,JP00868,50.91568782971627,33.18518525835497,Medium,Female,10th,Daily Wage,Rural,1
Student_869,JP00869,91.70713726081104,30.538301876364955,Low,Female,7th,Daily Wage,Rural,1
Student_870,JP00870,96.76692772801796,78.07839279882364,Low,Male,6th,Labor,Rural,0
Student_871,JP00871,62.398558976785175,85.4228263885556,Medium,Male,5th,Farmer,Rural,0
Student_872,JP00872,56.244680388613226,37.080909304853755,High,Male,10th,Small Business,Rural,1
Student_873,JP00873,78.63997259434095,60.46821543614632,Medium,Female,6th,Farmer,Urban,0
Student_874,JP00874,64.52405026588579,87.256242240896,Low,Female,9th,Labor,Rural,1
Student_875,JP00875,41.52318133962069,78.62412358130004,Medium,Male,8th,Farmer,Rural,1
Student_876,JP00876,49.36915584197142,63.378976439347866,Low,Male,9th,Daily Wage,Rural,1
Student_877,JP00877,82.95833373084385,67.22781523670183,Low,Female,8th,Farmer,Rural,0
Student_878,JP00878,79.53543651460907,60.6688437533024,Low,Male,8th,Labor,City,0
Student_879,JP00879,41.62575955020901,43.803876105505644,Low,Female,9th,Small Business,Rural,1
Student_880,JP00880,53.318329715976965,65.20175942872129,Low,Female,9th,Labor,Rural,1
Student_881,JP00881,53.86448779528428,75.11082416400725,Low,Male,6th,Farmer,Rural,1
Student_882,JP00882,80.31356461592371,89.86583326886462,Medium,Female,10th,Daily Wage,Rural,0
Student_883,JP00883,41.18263226526185,70.90330831833984,Low,Male,10th,Labor,Rural,1
Student_884,JP00884,46.24651491907443,80.88972296345264,Low,Male,9th,Labor,Rural,1
Student_885,JP00885,87.99496512239136,32.805730796365836,Low,Male,6th,Farmer,Rural,1
Student_886,JP00886,50.71267972326002,56.92459795358319,High,Male,10th,Labor,Rural,1
Student_887,JP00887,79.16476647111249,20.746529586167462,Low,Male,6th,Labor,Rural,1
Student_888,JP00888,54.29096686280359,39.73430916172984,Low,Male,6th,Farmer,Rural,1
Student_889,JP00889,45.96648356556071,78.11693720904039,Medium,Female,8th,Farmer,City,1
Student_890,JP00890,54.590331459967246,99.34479610794908,Medium,Female,10th,Small Business,Rural,1
Student_891,JP00891,83.33601591133954,27.934247966977274,Low,Female,10th,Farmer,Rural,1
Student_892,JP00892,91.34178808637715,52.11954526890306,Medium,Female,8th,Farmer,Rural,0
Student_893,JP00893,89.8131918740195,84.00567749593276,Medium,Male,9th,Labor,Rural,0
Student_894,JP00894,63.83101177710729,36.32285077031191,Medium,Female,8th,Small Business,Urban,1
Student_895,JP00895,80.08510819423877,64.4067959441829,Low,Female,10th,Farmer,Rural,0
Student_896,JP00896,52.29905772494926,78.64570368237398,Medium,Female,10th,Labor,Urban,1
Student_897,JP00897,57.588863815660794,69.27883602081432,Low,Male,9th,Farmer,Rural,1
Student_898,JP00898,93.78014911126719,35.04197876923329,Low,Female,8th,Farmer,Rural,1
Student_899,JP00899,40.780115410644164,48.43076549485915,Low,Male,5th,Farmer,Urban,1
Student_900,JP00900,45.13051185126808,82.70334275883178,Low,Female,5th,Small Business,Rural,1
Student_901,JP00901,52.47317530876164,64.33812113056133,Low,Male,9th,Farmer,Rural,1
Student_902,JP00902,41.59193223242918,20.41836908343302,Medium,Male,8th,Farmer,Rural,1
Student_903,JP00903,50.88612610538784,80.8792608022475,Low,Female,8th,Labor,Urban,1
Student_904,JP00904,74.98249365818153,22.824908395219126,Low,Male,6th,Small Business,Rural,1
Student_905,JP00905,65.28547303554987,79.65870261849857,Low,Male,10th,Farmer,Urban,1
Student_906,JP00906,93.56030266461849,36.19844481321899,Low,Female,7th,Labor,Rural,1
Student_907,JP00907,89.04661370430645,96.64587840955042,High,Female,9th,Farmer,Urban,0
Student_908,JP00908,60.509041101872555,49.43526010416676,Low,Female,7th,Labor,Rural,1
Student_909,JP00909,55.56540600587755,46.15452930704633,Low,Male,7th,Labor,Urban,1
Student_910,JP00910,62.78154449003601,31.911044026595576,Low,Male,9th,Labor,Rural,1
Student_911,JP00911,75.41769655088846,44.44833723921719,Low,Male,8th,Farmer,City,0
Student_912,JP00912,56.08381844937257,90.13206094625605,Low,Female,9th,Farmer,Rural,1
Student_913,JP00913,77.44893447094805,99.70674701017978,Medium,Male,7th,Farmer,Rural,0
Student_914,JP00914,64.56469913147443,49.464762440547865,High,Male,10th,Farmer,Rural,1
Student_915,JP00915,73.12283085111882,55.8888504763634,Low,Male,10th,Farmer,Rural,0
Student_916,JP00916,66.16759174811901,77.76567505621897,Medium,Male,10th,Small Business,Rural,0
Student_917,JP00917,57.66794557251506,90.89566243720596,Medium,Male,8th,Daily Wage,City,1
Student_918,JP00918,96.9071984177294,67.44354673494273,Medium,Male,5th,Daily Wage,City,0
Student_919,JP00919,85.81634764958565,51.32205585422635,Low,Male,9th,Government Job,Rural,0
Student_920,JP00920,48.40679054598715,53.0097472678899,Low,Female,10th,Labor,City,1
Student_921,JP00921,92.10807855387476,75.64945171974455,Low,Female,9th,Small Business,Rural,0
Student_922,JP00922,69.24587189497082,20.257461088342296,Medium,Female,10th,Farmer,Rural,1
Student_923,JP00923,93.67313361364549,69.56714699678726,Medium,Male,8th,Labor,Urban,0
Student_924,JP00924,87.99131535683891,48.43944083530859,Low,Male,5th,Labor,Rural,0
Student_925,JP00925,65.51281026815401,83.53578650216674,Low,Female,5th,Labor,City,1
Student_926,JP00926,41.348158499207045,27.439251185850573,High,Male,10th,Small Business,Rural,1
Student_927,JP00927,56.12064156309677,67.05618135587125,Medium,Female,8th,Farmer,Rural,1
Student_928,JP00928,72.49805287965202,58.4778311908899,High,Male,6th,Farmer,Rural,0
Student_929,JP00929,78.00869318956883,71.38604207241819,Medium,Male,9th,Daily Wage,Rural,0
Student_930,JP00930,55.47326112599214,25.18828755863747,Low,Female,9th,Farmer,Rural,1
Student_931,JP00931,48.36136444436945,66.3987029942505,Low,Female,7th,Labor,City,1
Student_932,JP00932,90.09581420795794,64.91876703676189,Medium,Female,8th,Daily Wage,Urban,0
Student_933,JP00933,99.06413084221313,64.85280755329367,Low,Female,7th,Labor,Urban,0
Student_934,JP00934,71.54141093816115,68.27901332771638,Low,Female,10th,Labor,Rural,0
Student_935,JP00935,50.30075715089821,74.11743497810897,Medium,Male,7th,Farmer,Rural,1
Student_936,JP00936,56.338439591162135,84.39911997446158,Low,Male,5th,Farmer,Rural,1
Student_937,JP00937,41.103440592848,41.585657610257144,Medium,Male,9th,Government Job,Rural,1
Student_938,JP00938,94.85792839362993,86.00395281440497,Low,Female,7th,Labor,Rural,0
Student_939,JP00939,47.06506497340847,59.86045458107629,High,Female,5th,Labor,Urban,1
Student_940,JP00940,74.59098853085521,26.164662330746495,Low,Female,8th,Farmer,Rural,1
Student_941,JP00941,56.44331324123236,24.684074339518336,Low,Female,7th,Farmer,Rural,1
Student_942,JP00942,73.2506801509476,46.73906549568486,Medium,Female,10th,Daily Wage,Rural,1
Student_943,JP00943,79.08522330111185,82.7917581689174,Low,Female,10th,Farmer,Rural,0
Student_944,JP00944,89.7845082224321,76.61447477927327,Medium,Male,10th,Labor,Rural,0
Student_945,JP00945,52.38527630563619,83.08919717379251,Medium,Male,9th,Farmer,City,1
Student_946,JP00946,40.65974971950883,61.38152451532875,Low,Male,7th,Labor,Rural,1
Student_947,JP00947,48.213137804128436,55.21591983643924,Low,Male,8th,Daily Wage,Urban,1
Student_948,JP00948,94.0011185108863,31.796202136502714,Low,Male,7th,Labor,Rural,1
Student_949,JP00949,92.43340465375091,46.25542028874492,Low,Female,9th,Farmer,Rural,0
Student_950,JP00950,75.8447861302185,54.72154929391002,High,Female,5th,Labor,Rural,0
Student_951,JP00951,76.03101162601921,27.08803437436938,Medium,Female,9th,Small Business,Urban,1
Student_952,JP00952,79.90220047277533,37.6489562168969,Medium,Female,10th,Labor,Urban,1
Student_953,JP00953,50.522276717406974,67.8580235250991,Medium,Female,5th,Government Job,Rural,1
Student_954,JP00954,94.86471675549758,78.85304913913518,Low,Female,10th,Labor,Rural,0
Student_955,JP00955,65.12623149352439,99.86780091143598,High,Male,6th,Government Job,Rural,0
Student_956,JP00956,62.988311694969845,94.64906650748462,Medium,Female,9th,Labor,Rural,0
Student_957,JP00957,71.13506231697025,71.40521596281532,Medium,Female,9th,Farmer,City,0
Student_958,JP00958,42.817958006503304,53.69984426352576,Medium,Female,8th,Farmer,Rural,1
Student_959,JP00959,49.97700212536476,70.89418917665861,Low,Female,7th,Farmer,Rural,1
Student_960,JP00960,84.28201698558223,82.85212944641856,Medium,Male,5th,Daily Wage,Rural,0
Student_961,JP00961,44.967920075507585,29.466895273870986,Low,Male,5th,Small Business,Rural,1
Student_962,JP00962,76.1891265679833,52.79239117570306,Low,Female,8th,Labor,Rural,0
Student_963,JP00963,54.72094658087926,87.18418285084938,Low,Male,8th,Farmer,Rural,1
Student_964,JP00964,63.35773684251859,50.70663615464352,High,Male,7th,Farmer,Urban,0
Student_965,JP00965,57.32162420624199,65.74978169817493,Medium,Female,10th,Small Business,Urban,1
Student_966,JP00966,61.340362987896945,67.02154886897586,Medium,Female,7th,Labor,Rural,0
Student_967,JP00967,83.14275431105473,34.75810025069115,Medium,Female,9th,Farmer,Urban,1
Student_968,JP00968,57.8273029373905,48.97883533218307,Low,Female,10th,Labor,Rural,1
Student_969,JP00969,73.98427841781383,46.76090309935457,High,Female,6th,Farmer,Rural,1
Student_970,JP00970,68.56302413194598,22.09573668256518,Low,Male,7th,Farmer,Rural,1
Student_971,JP00971,79.8202699217589,21.935341111308418,Low,Female,8th,Labor,Rural,1
Student_972,JP00972,96.20978435948548,86.53576349406188,Low,Female,10th,Farmer,Rural,0
Student_973,JP00973,83.95432583261501,41.845664797824995,Medium,Female,7th,Daily Wage,Rural,0
Student_974,JP00974,52.896422715445404,61.44630129910524,Medium,Male,5th,Farmer,Rural,1
Student_975,JP00975,41.87098810367708,43.898045887101844,Low,Female,6th,Farmer,City,1
Student_976,JP00976,55.73584265798951,95.25433960922724,Low,Female,9th,Farmer,Rural,1
Student_977,JP00977,75.70467584201529,40.7437407092619,Medium,Female,5th,Small Business,Rural,0
Student_978,JP00978,43.08554880905502,54.37254501911481,Low,Male,5th,Labor,Rural,1
Student_979,JP00979,69.78197483207418,89.81842003876815,Medium,Female,6th,Labor,Rural,0
Student_980,JP00980,75.81057093501336,87.3546853433447,High,Female,9th,Farmer,Rural,0
Student_981,JP00981,60.05463344901765,34.88811342770219,Low,Female,8th,Farmer,Urban,1
Student_982,JP00982,86.25473222474932,84.21146478365684,Low,Male,10th,Labor,Rural,0
Student_983,JP00983,46.39589518802631,56.65495093903141,Medium,Female,9th,Small Business,Rural,1
Student_984,JP00984,44.50826690414853,58.637509766828416,Medium,Female,7th,Government Job,Rural,1
Student_985,JP00985,83.6913253722162,30.6783977932755,Low,Female,5th,Farmer,Rural,1
Student_986,JP00986,69.72947897237191,26.44812110056997,High,Male,7th,Labor,Rural,1
Student_987,JP00987,81.30414378566417,78.23514455790121,Low,Female,8th,Daily Wage,Rural,0
Student_988,JP00988,66.08964031622477,59.716892188423984,Low,Female,7th,Farmer,Rural,1
Student_989,JP00989,54.78412199434641,54.948056209214364,Medium,Female,9th,Small Business,Rural,1
Student_990,JP00990,89.14613906045199,78.36065829219174,Medium,Male,7th,Farmer,Rural,0
Student_991,JP00991,87.96495273813875,81.24103191928879,Low,Male,8th,Daily Wage,City,0
Student_992,JP00992,81.6817882512656,32.71265341354828,Medium,Female,8th,Small Business,Rural,1
Student_993,JP00993,56.32870823379776,68.8180119582113,Low,Male,8th,Daily Wage,Urban,1
Student_994,JP00994,75.41384001214523,30.828326582214842,Low,Male,9th,Labor,Urban,1
Student_995,JP00995,61.658433816401605,80.11000688232366,Low,Male,8th,Farmer,Rural,1
Student_996,JP00996,45.49492439959805,72.55641250137116,Medium,Female,5th,Daily Wage,Rural,1
Student_997,JP00997,95.03881452773457,96.52916968667664,Low,Female,8th,Farmer,Rural,0
Student_998,JP00998,48.209117855137684,25.516641308513694,Low,Male,7th,Farmer,Rural,1
Student_999,JP00999,97.01424122924814,24.564377692100344,Low,Male,10th,Small Business,Rural,1
Student_1000,JP01000,66.76034637747735,42.57496597545601,Medium,Male,7th,Small Business,Urban,0
